数值,所属栏目,排名,地区,时间,指标
,分省年度数据,100.0,四川省,2022年,人口出生率(‰)
6.85,分省年度数据,100.0,四川省,2021年,人口出生率(‰)
,分省年度数据,77.08333333333334,四川省,2022年,人口死亡率(‰)
8.74,分省年度数据,77.08333333333334,四川省,2021年,人口死亡率(‰)
,分省年度数据,77.08333333333334,四川省,2022年,人口自然增长率(‰)
-1.89,分省年度数据,77.08333333333334,四川省,2021年,人口自然增长率(‰)
,分省年度数据,77.08333333333334,四川省,2022年,人口火灾发生率(1/10万人)
,分省年度数据,77.08333333333334,四川省,2021年,人口火灾发生率(1/10万人)
,分省年度数据,77.08333333333334,四川省,2022年,老年人口抚养比(人口抽样调查)(%)
26.3,分省年度数据,77.08333333333334,四川省,2021年,老年人口抚养比(人口抽样调查)(%)
,分省年度数据,77.08333333333334,四川省,2022年,总抚养比(人口抽样调查)(%)
49.7,分省年度数据,77.08333333333334,四川省,2021年,总抚养比(人口抽样调查)(%)
,分省年度数据,77.08333333333334,四川省,2022年,广播节目综合人口覆盖率(%)
99.2,分省年度数据,77.08333333333334,四川省,2021年,广播节目综合人口覆盖率(%)
,分省年度数据,77.08333333333334,四川省,2022年,农村广播节目人口覆盖率(%)
99.0,分省年度数据,77.08333333333334,四川省,2021年,农村广播节目人口覆盖率(%)
,分省年度数据,77.08333333333334,四川省,2022年,电视节目综合人口覆盖率(%)
99.6,分省年度数据,77.08333333333334,四川省,2021年,电视节目综合人口覆盖率(%)
,分省年度数据,77.08333333333334,四川省,2022年,农村电视节目人口覆盖率(%)
99.5,分省年度数据,77.08333333333334,四川省,2021年,农村电视节目人口覆盖率(%)
数值,所属栏目,排名,地区,时间,指标
,分省年度数据,77.08333333333334,四川省,2022年,性别比(女=100)(人口抽样调查)(女=100)
102.03,分省年度数据,77.08333333333334,四川省,2021年,性别比(女=100)(人口抽样调查)(女=100)
,分省年度数据,77.08333333333334,四川省,2022年,少年儿童抚养比(人口抽样调查)(%)
23.4,分省年度数据,77.08333333333334,四川省,2021年,少年儿童抚养比(人口抽样调查)(%)
,分省年度数据,65.0,四川省,2022年,年末常住人口(万人)
8372,分省年度数据,65.0,四川省,2021年,年末常住人口(万人)
,分省年度数据,64.54166666666667,四川省,2022年,城镇人口(万人)
4841,分省年度数据,64.54166666666667,四川省,2021年,城镇人口(万人)
,分省年度数据,64.08333333333334,四川省,2022年,乡村人口(万人)
3531,分省年度数据,64.08333333333334,四川省,2021年,乡村人口(万人)
,分省年度数据,64.08333333333334,四川省,2022年,乡村人口(万人)
,分省年度数据,64.08333333333334,四川省,2021年,乡村人口(万人)
6.77,年度数据,62.50000000000001,全国,2022年,人口出生率(‰)
7.52,年度数据,62.50000000000001,全国,2021年,人口出生率(‰)
,分省年度数据,60.41666666666667,四川省,2022年,人口数(人口抽样调查)(人)
88670,分省年度数据,60.41666666666667,四川省,2021年,人口数(人口抽样调查)(人)
数值,所属栏目,排名,地区,时间,指标
,分省年度数据,60.41666666666667,四川省,2022年,人口数(人口抽样调查)(人)
88670,分省年度数据,60.41666666666667,四川省,2021年,人口数(人口抽样调查)(人)
,分省年度数据,60.41666666666667,四川省,2022年,人口数(人口抽样调查)(人)
88670,分省年度数据,60.41666666666667,四川省,2021年,人口数(人口抽样调查)(人)
,分省年度数据,60.41666666666667,四川省,2022年,城市人口密度(人/平方公里)
3382,分省年度数据,60.41666666666667,四川省,2021年,城市人口密度(人/平方公里)
,分省年度数据,60.41666666666667,四川省,2022年,用水人口(万人)
3107.33,分省年度数据,60.41666666666667,四川省,2021年,用水人口(万人)
,分省年度数据,60.41666666666667,四川省,2022年,男性人口数(人口抽样调查)(人)
44782,分省年度数据,60.41666666666667,四川省,2021年,男性人口数(人口抽样调查)(人)
,分省年度数据,60.41666666666667,四川省,2022年,女性人口数(人口抽样调查)(人)
43889,分省年度数据,60.41666666666667,四川省,2021年,女性人口数(人口抽样调查)(人)
,分省年度数据,60.41666666666667,四川省,2022年,男性人口数(人口抽样调查)(人)
44782,分省年度数据,60.41666666666667,四川省,2021年,男性人口数(人口抽样调查)(人)
,分省年度数据,60.41666666666667,四川省,2022年,女性人口数(人口抽样调查)(人)
43889,分省年度数据,60.41666666666667,四川省,2021年,女性人口数(人口抽样调查)(人)
,分省年度数据,60.41666666666667,四川省,2022年,每十万人口小学平均在校生数(人)
6558,分省年度数据,60.41666666666667,四川省,2021年,每十万人口小学平均在校生数(人)
,分省年度数据,60.41666666666667,四川省,2022年,家庭户人口数(人口抽样调查)(人)
84064,分省年度数据,60.41666666666667,四川省,2021年,家庭户人口数(人口抽样调查)(人)
数值,所属栏目,排名,地区,时间,指标
,分省年度数据,60.41666666666667,四川省,2022年,集体户人口数(人口抽样调查)(人)
4607,分省年度数据,60.41666666666667,四川省,2021年,集体户人口数(人口抽样调查)(人)
,分省年度数据,60.41666666666667,四川省,2022年,每十万人口幼儿园平均在校生数(人)
3127,分省年度数据,60.41666666666667,四川省,2021年,每十万人口幼儿园平均在校生数(人)
,分省年度数据,60.41666666666667,四川省,2022年,每十万人口初中阶段平均在校生数(人)
3343,分省年度数据,60.41666666666667,四川省,2021年,每十万人口初中阶段平均在校生数(人)
,分省年度数据,60.41666666666667,四川省,2022年,每十万人口高中阶段平均在校生数(人)
2760,分省年度数据,60.41666666666667,四川省,2021年,每十万人口高中阶段平均在校生数(人)
,分省年度数据,60.41666666666667,四川省,2022年,每十万人口高等学校平均在校生数(人)
2925,分省年度数据,60.41666666666667,四川省,2021年,每十万人口高等学校平均在校生数(人)
,分省年度数据,60.41666666666667,四川省,2022年,0-14岁人口数(人口抽样调查)(人)
13863,分省年度数据,60.41666666666667,四川省,2021年,0-14岁人口数(人口抽样调查)(人)
,分省年度数据,60.41666666666667,四川省,2022年,15-64岁人口数(人口抽样调查)(人)
59217,分省年度数据,60.41666666666667,四川省,2021年,15-64岁人口数(人口抽样调查)(人)
,分省年度数据,60.41666666666667,四川省,2022年,65岁及以上人口数(人口抽样调查)(人)
15590,分省年度数据,60.41666666666667,四川省,2021年,65岁及以上人口数(人口抽样调查)(人)
,分省年度数据,60.41666666666667,四川省,2022年,15岁及以上人口数(人口抽样调查)(人)
74807,分省年度数据,60.41666666666667,四川省,2021年,15岁及以上人口数(人口抽样调查)(人)
,分省年度数据,60.41666666666667,四川省,2022年,15岁及以上人口数(人口抽样调查)(人)
74807,分省年度数据,60.41666666666667,四川省,2021年,15岁及以上人口数(人口抽样调查)(人)
数值,所属栏目,排名,地区,时间,指标
,分省年度数据,60.41666666666667,四川省,2022年,6岁及6岁以上人口数(人口抽样调查)(人)
83817,分省年度数据,60.41666666666667,四川省,2021年,6岁及6岁以上人口数(人口抽样调查)(人)
,分省年度数据,60.41666666666667,四川省,2022年,15岁及以上丧偶人口数(人口抽样调查)(人)
5035,分省年度数据,60.41666666666667,四川省,2021年,15岁及以上丧偶人口数(人口抽样调查)(人)
,分省年度数据,60.41666666666667,四川省,2022年,天然气用气人口(万人)
2922.98,分省年度数据,60.41666666666667,四川省,2021年,天然气用气人口(万人)
,分省年度数据,60.41666666666667,四川省,2022年,自然灾害受灾人口(万人次)
714.3,分省年度数据,60.41666666666667,四川省,2021年,自然灾害受灾人口(万人次)
,分省年度数据,60.41666666666667,四川省,2022年,总户数(人口抽样调查)(户)
31621,分省年度数据,60.41666666666667,四川省,2021年,总户数(人口抽样调查)(户)
,分省年度数据,60.41666666666667,四川省,2022年,家庭户户数(人口抽样调查)(户)
30828,分省年度数据,60.41666666666667,四川省,2021年,家庭户户数(人口抽样调查)(户)
,分省年度数据,60.41666666666667,四川省,2022年,集体户户数(人口抽样调查)(户)
794,分省年度数据,60.41666666666667,四川省,2021年,集体户户数(人口抽样调查)(户)
,分省年度数据,60.41666666666667,四川省,2022年,家庭户户数(人口抽样调查)(户)
30828,分省年度数据,60.41666666666667,四川省,2021年,家庭户户数(人口抽样调查)(户)
,分省年度数据,60.41666666666667,四川省,2022年,15岁及以上文盲人口数(人口抽样调查)(人)
3397,分省年度数据,60.41666666666667,四川省,2021年,15岁及以上文盲人口数(人口抽样调查)(人)
,分省年度数据,60.41666666666667,四川省,2022年,15岁及以上有配偶人口数(人口抽样调查)(人)
53485,分省年度数据,60.41666666666667,四川省,2021年,15岁及以上有配偶人口数(人口抽样调查)(人)
数值,所属栏目,排名,地区,时间,指标
,分省年度数据,60.41666666666667,四川省,2022年,城市天然气用气人口(万人)
2922.98,分省年度数据,60.41666666666667,四川省,2021年,城市天然气用气人口(万人)
,分省年度数据,60.41666666666667,四川省,2022年,自然灾害受灾死亡人口(人)
31.0,分省年度数据,60.41666666666667,四川省,2021年,自然灾害受灾死亡人口(人)
,分省年度数据,60.41666666666667,四川省,2022年,每万农业人口乡镇卫生院床位数(张)
,分省年度数据,60.41666666666667,四川省,2021年,每万农业人口乡镇卫生院床位数(张)
,分省年度数据,60.41666666666667,四川省,2022年,家庭户男性人口数(人口抽样调查)(人)
42402,分省年度数据,60.41666666666667,四川省,2021年,家庭户男性人口数(人口抽样调查)(人)
,分省年度数据,60.41666666666667,四川省,2022年,家庭户女性人口数(人口抽样调查)(人)
41662,分省年度数据,60.41666666666667,四川省,2021年,家庭户女性人口数(人口抽样调查)(人)
,分省年度数据,60.41666666666667,四川省,2022年,集体户男性人口数(人口抽样调查)(人)
2380,分省年度数据,60.41666666666667,四川省,2021年,集体户男性人口数(人口抽样调查)(人)
,分省年度数据,60.41666666666667,四川省,2022年,集体户女性人口数(人口抽样调查)(人)
2227,分省年度数据,60.41666666666667,四川省,2021年,集体户女性人口数(人口抽样调查)(人)
,分省年度数据,60.41666666666667,四川省,2022年,一人户家庭户户数(人口抽样调查)(户)
5477,分省年度数据,60.41666666666667,四川省,2021年,一人户家庭户户数(人口抽样调查)(户)
,分省年度数据,60.41666666666667,四川省,2022年,二人户家庭户户数(人口抽样调查)(户)
7344,分省年度数据,60.41666666666667,四川省,2021年,二人户家庭户户数(人口抽样调查)(户)
,分省年度数据,60.41666666666667,四川省,2022年,三人户家庭户户数(人口抽样调查)(户)
6555,分省年度数据,60.41666666666667,四川省,2021年,三人户家庭户户数(人口抽样调查)(户)
数值,所属栏目,排名,地区,时间,指标
,分省年度数据,60.41666666666667,四川省,2022年,四人户家庭户户数(人口抽样调查)(户)
5427,分省年度数据,60.41666666666667,四川省,2021年,四人户家庭户户数(人口抽样调查)(户)
,分省年度数据,60.41666666666667,四川省,2022年,五人户家庭户户数(人口抽样调查)(户)
3185,分省年度数据,60.41666666666667,四川省,2021年,五人户家庭户户数(人口抽样调查)(户)
,分省年度数据,60.41666666666667,四川省,2022年,六人户家庭户户数(人口抽样调查)(户)
1941,分省年度数据,60.41666666666667,四川省,2021年,六人户家庭户户数(人口抽样调查)(户)
,分省年度数据,60.41666666666667,四川省,2022年,七人户家庭户户数(人口抽样调查)(户)
541,分省年度数据,60.41666666666667,四川省,2021年,七人户家庭户户数(人口抽样调查)(户)
,分省年度数据,60.41666666666667,四川省,2022年,八人户家庭户户数(人口抽样调查)(户)
210,分省年度数据,60.41666666666667,四川省,2021年,八人户家庭户户数(人口抽样调查)(户)
,分省年度数据,60.41666666666667,四川省,2022年,九人户家庭户户数(人口抽样调查)(户)
72,分省年度数据,60.41666666666667,四川省,2021年,九人户家庭户户数(人口抽样调查)(户)
,分省年度数据,60.41666666666667,四川省,2022年,15岁及以上男性人口数(人口抽样调查)(人)
37583,分省年度数据,60.41666666666667,四川省,2021年,15岁及以上男性人口数(人口抽样调查)(人)
,分省年度数据,60.41666666666667,四川省,2022年,15岁及以上女性人口数(人口抽样调查)(人)
37224,分省年度数据,60.41666666666667,四川省,2021年,15岁及以上女性人口数(人口抽样调查)(人)
,分省年度数据,60.41666666666667,四川省,2022年,15岁及以上离婚人口数(人口抽样调查)(人)
2222,分省年度数据,60.41666666666667,四川省,2021年,15岁及以上离婚人口数(人口抽样调查)(人)
,分省年度数据,60.41666666666667,四川省,2022年,15岁及以上男性人口数(人口抽样调查)(人)
37583,分省年度数据,60.41666666666667,四川省,2021年,15岁及以上男性人口数(人口抽样调查)(人)
数值,所属栏目,排名,地区,时间,指标
,分省年度数据,60.41666666666667,四川省,2022年,15岁及以上女性人口数(人口抽样调查)(人)
37224,分省年度数据,60.41666666666667,四川省,2021年,15岁及以上女性人口数(人口抽样调查)(人)
,分省年度数据,60.41666666666667,四川省,2022年,6岁及6岁以上男性人口数(人口抽样调查)(人)
42260,分省年度数据,60.41666666666667,四川省,2021年,6岁及6岁以上男性人口数(人口抽样调查)(人)
,分省年度数据,60.41666666666667,四川省,2022年,6岁及6岁以上女性人口数(人口抽样调查)(人)
41557,分省年度数据,60.41666666666667,四川省,2021年,6岁及6岁以上女性人口数(人口抽样调查)(人)
,分省年度数据,60.41666666666667,四川省,2022年,15岁及以上男性丧偶人口数(人口抽样调查)(人)
1448,分省年度数据,60.41666666666667,四川省,2021年,15岁及以上男性丧偶人口数(人口抽样调查)(人)
,分省年度数据,60.41666666666667,四川省,2022年,15岁及以上女性丧偶人口数(人口抽样调查)(人)
3586,分省年度数据,60.41666666666667,四川省,2021年,15岁及以上女性丧偶人口数(人口抽样调查)(人)
,分省年度数据,60.41666666666667,四川省,2022年,液化石油气用气人口(万人)
122.49,分省年度数据,60.41666666666667,四川省,2021年,液化石油气用气人口(万人)
,分省年度数据,60.41666666666667,四川省,2022年,15岁及以上未婚人口数(人口抽样调查)(人)
14066,分省年度数据,60.41666666666667,四川省,2021年,15岁及以上未婚人口数(人口抽样调查)(人)
,分省年度数据,60.41666666666667,四川省,2022年,十人及以上户家庭户户数(人口抽样调查)(户)
76,分省年度数据,60.41666666666667,四川省,2021年,十人及以上户家庭户户数(人口抽样调查)(户)
,分省年度数据,60.41666666666667,四川省,2022年,15岁及以上男性文盲人口数(人口抽样调查)(人)
834,分省年度数据,60.41666666666667,四川省,2021年,15岁及以上男性文盲人口数(人口抽样调查)(人)
,分省年度数据,60.41666666666667,四川省,2022年,15岁及以上女性文盲人口数(人口抽样调查)(人)
2562,分省年度数据,60.41666666666667,四川省,2021年,15岁及以上女性文盲人口数(人口抽样调查)(人)
数值,所属栏目,排名,地区,时间,指标
,分省年度数据,60.41666666666667,四川省,2022年,15岁及以上男性有配偶人口数(人口抽样调查)(人)
26589,分省年度数据,60.41666666666667,四川省,2021年,15岁及以上男性有配偶人口数(人口抽样调查)(人)
,分省年度数据,60.41666666666667,四川省,2022年,15岁及以上女性有配偶人口数(人口抽样调查)(人)
26896,分省年度数据,60.41666666666667,四川省,2021年,15岁及以上女性有配偶人口数(人口抽样调查)(人)
,分省年度数据,60.41666666666667,四川省,2022年,6岁及6岁以上大专及以上人口数(人口抽样调查)(人)
13818,分省年度数据,60.41666666666667,四川省,2021年,6岁及6岁以上大专及以上人口数(人口抽样调查)(人)
,分省年度数据,60.41666666666667,四川省,2022年,城市市辖区年末总人口为20万以下的地级及以上城市数(个)
,分省年度数据,60.41666666666667,四川省,2021年,城市市辖区年末总人口为20万以下的地级及以上城市数(个)
,分省年度数据,60.41666666666667,四川省,2022年,城市市辖区年末总人口为400万以上的地级及以上城市数(个)
1,分省年度数据,60.41666666666667,四川省,2021年,城市市辖区年末总人口为400万以上的地级及以上城市数(个)
,分省年度数据,60.41666666666667,四川省,2022年,城市市辖区年末总人口为20-50万的地级及以上城市数(个)
,分省年度数据,60.41666666666667,四川省,2021年,城市市辖区年末总人口为20-50万的地级及以上城市数(个)
,分省年度数据,60.41666666666667,四川省,2022年,城市市辖区年末总人口为50-100万的地级及以上城市数(个)
4,分省年度数据,60.41666666666667,四川省,2021年,城市市辖区年末总人口为50-100万的地级及以上城市数(个)
,分省年度数据,60.41666666666667,四川省,2022年,城市市辖区年末总人口为200-400万的地级及以上城市数(个)
1,分省年度数据,60.41666666666667,四川省,2021年,城市市辖区年末总人口为200-400万的地级及以上城市数(个)
,分省年度数据,60.41666666666667,四川省,2022年,城市市辖区年末总人口为100-200万的地级及以上城市数(个)
12,分省年度数据,60.41666666666667,四川省,2021年,城市市辖区年末总人口为100-200万的地级及以上城市数(个)
,分省年度数据,60.41666666666667,四川省,2022年,人工煤气用气人口(万人)
45.04,分省年度数据,60.41666666666667,四川省,2021年,人工煤气用气人口(万人)
数值,所属栏目,排名,地区,时间,指标
,分省年度数据,60.41666666666667,四川省,2022年,城市液化石油气用气人口(万人)
122.49,分省年度数据,60.41666666666667,四川省,2021年,城市液化石油气用气人口(万人)
,分省年度数据,60.41666666666667,四川省,2022年,平均每一营业网点服务人口(万人)
0.28,分省年度数据,60.41666666666667,四川省,2021年,平均每一营业网点服务人口(万人)
,分省年度数据,60.41666666666667,四川省,2022年,6岁及6岁以上小学人口数(人口抽样调查)(人)
26613,分省年度数据,60.41666666666667,四川省,2021年,6岁及6岁以上小学人口数(人口抽样调查)(人)
,分省年度数据,60.41666666666667,四川省,2022年,15岁及以上男性离婚人口数(人口抽样调查)(人)
1244,分省年度数据,60.41666666666667,四川省,2021年,15岁及以上男性离婚人口数(人口抽样调查)(人)
,分省年度数据,60.41666666666667,四川省,2022年,15岁及以上女性离婚人口数(人口抽样调查)(人)
977,分省年度数据,60.41666666666667,四川省,2021年,15岁及以上女性离婚人口数(人口抽样调查)(人)
,分省年度数据,60.41666666666667,四川省,2022年,15岁及以上初婚有配偶人口数(人口抽样调查)(人)
,分省年度数据,60.41666666666667,四川省,2021年,15岁及以上初婚有配偶人口数(人口抽样调查)(人)
,分省年度数据,60.41666666666667,四川省,2022年,15岁及以上再婚有配偶人口数(人口抽样调查)(人)
,分省年度数据,60.41666666666667,四川省,2021年,15岁及以上再婚有配偶人口数(人口抽样调查)(人)
,分省年度数据,60.41666666666667,四川省,2022年,6岁及6岁以上未上过学人口数(人口抽样调查)(人)
4256,分省年度数据,60.41666666666667,四川省,2021年,6岁及6岁以上未上过学人口数(人口抽样调查)(人)
,分省年度数据,60.41666666666667,四川省,2022年,住本乡、镇、街道，户口待定人口数(人口抽样调查)(人)
130,分省年度数据,60.41666666666667,四川省,2021年,住本乡、镇、街道，户口待定人口数(人口抽样调查)(人)
,分省年度数据,60.41666666666667,四川省,2022年,住本乡、镇、街道，户口在本乡、镇、街道人口数(人口抽样调查)(人)
62755,分省年度数据,60.41666666666667,四川省,2021年,住本乡、镇、街道，户口在本乡、镇、街道人口数(人口抽样调查)(人)
数值,所属栏目,排名,地区,时间,指标
,分省年度数据,60.41666666666667,四川省,2022年,城市人工煤气用气人口(万人)
45.04,分省年度数据,60.41666666666667,四川省,2021年,城市人工煤气用气人口(万人)
,分省年度数据,60.41666666666667,四川省,2022年,6岁及6岁以上初中人口数(人口抽样调查)(人)
26163,分省年度数据,60.41666666666667,四川省,2021年,6岁及6岁以上初中人口数(人口抽样调查)(人)
,分省年度数据,60.41666666666667,四川省,2022年,15岁及以上男性未婚人口数(人口抽样调查)(人)
8302,分省年度数据,60.41666666666667,四川省,2021年,15岁及以上男性未婚人口数(人口抽样调查)(人)
,分省年度数据,60.41666666666667,四川省,2022年,15岁及以上女性未婚人口数(人口抽样调查)(人)
5764,分省年度数据,60.41666666666667,四川省,2021年,15岁及以上女性未婚人口数(人口抽样调查)(人)
,分省年度数据,60.41666666666667,四川省,2022年,6岁及6岁以上大专及以上男性人口数(人口抽样调查)(人)
7090,分省年度数据,60.41666666666667,四川省,2021年,6岁及6岁以上大专及以上男性人口数(人口抽样调查)(人)
,分省年度数据,60.41666666666667,四川省,2022年,6岁及6岁以上大专及以上女性人口数(人口抽样调查)(人)
6727,分省年度数据,60.41666666666667,四川省,2021年,6岁及6岁以上大专及以上女性人口数(人口抽样调查)(人)
,分省年度数据,60.41666666666667,四川省,2022年,6岁及6岁以上高中人口数(人口抽样调查)(人)
12967,分省年度数据,60.41666666666667,四川省,2021年,6岁及6岁以上高中人口数(人口抽样调查)(人)
,分省年度数据,60.41666666666667,四川省,2022年,6岁及6岁以上小学男性人口数(人口抽样调查)(人)
12707,分省年度数据,60.41666666666667,四川省,2021年,6岁及6岁以上小学男性人口数(人口抽样调查)(人)
,分省年度数据,60.41666666666667,四川省,2022年,6岁及6岁以上小学女性人口数(人口抽样调查)(人)
13906,分省年度数据,60.41666666666667,四川省,2021年,6岁及6岁以上小学女性人口数(人口抽样调查)(人)
,分省年度数据,60.41666666666667,四川省,2022年,15岁及以上男性初婚有配偶人口数(人口抽样调查)(人)
,分省年度数据,60.41666666666667,四川省,2021年,15岁及以上男性初婚有配偶人口数(人口抽样调查)(人)
数值,所属栏目,排名,地区,时间,指标
,分省年度数据,60.41666666666667,四川省,2022年,15岁及以上女性初婚有配偶人口数(人口抽样调查)(人)
,分省年度数据,60.41666666666667,四川省,2021年,15岁及以上女性初婚有配偶人口数(人口抽样调查)(人)
,分省年度数据,60.41666666666667,四川省,2022年,15岁及以上男性再婚有配偶人口数(人口抽样调查)(人)
,分省年度数据,60.41666666666667,四川省,2021年,15岁及以上男性再婚有配偶人口数(人口抽样调查)(人)
,分省年度数据,60.41666666666667,四川省,2022年,15岁及以上女性再婚有配偶人口数(人口抽样调查)(人)
,分省年度数据,60.41666666666667,四川省,2021年,15岁及以上女性再婚有配偶人口数(人口抽样调查)(人)
,分省年度数据,60.41666666666667,四川省,2022年,6岁及6岁以上未上过学男性人口数(人口抽样调查)(人)
1177,分省年度数据,60.41666666666667,四川省,2021年,6岁及6岁以上未上过学男性人口数(人口抽样调查)(人)
,分省年度数据,60.41666666666667,四川省,2022年,6岁及6岁以上未上过学女性人口数(人口抽样调查)(人)
3079,分省年度数据,60.41666666666667,四川省,2021年,6岁及6岁以上未上过学女性人口数(人口抽样调查)(人)
,分省年度数据,60.41666666666667,四川省,2022年,住本乡、镇、街道，户口待定男性人口数(人口抽样调查)(人)
61,分省年度数据,60.41666666666667,四川省,2021年,住本乡、镇、街道，户口待定男性人口数(人口抽样调查)(人)
,分省年度数据,60.41666666666667,四川省,2022年,住本乡、镇、街道，户口待定女性人口数(人口抽样调查)(人)
69,分省年度数据,60.41666666666667,四川省,2021年,住本乡、镇、街道，户口待定女性人口数(人口抽样调查)(人)
,分省年度数据,60.41666666666667,四川省,2022年,居住在港澳台或国外，户口在本乡、镇、街道人口数(人口抽样调查)(人)
102,分省年度数据,60.41666666666667,四川省,2021年,居住在港澳台或国外，户口在本乡、镇、街道人口数(人口抽样调查)(人)
,分省年度数据,60.41666666666667,四川省,2022年,住本乡、镇、街道，户口在本乡、镇、街道男性人口数(人口抽样调查)(人)
31983,分省年度数据,60.41666666666667,四川省,2021年,住本乡、镇、街道，户口在本乡、镇、街道男性人口数(人口抽样调查)(人)
,分省年度数据,60.41666666666667,四川省,2022年,住本乡、镇、街道，户口在本乡、镇、街道女性人口数(人口抽样调查)(人)
30772,分省年度数据,60.41666666666667,四川省,2021年,住本乡、镇、街道，户口在本乡、镇、街道女性人口数(人口抽样调查)(人)
数值,所属栏目,排名,地区,时间,指标
,分省年度数据,60.41666666666667,四川省,2022年,6岁及6岁以上初中男性人口数(人口抽样调查)(人)
14153,分省年度数据,60.41666666666667,四川省,2021年,6岁及6岁以上初中男性人口数(人口抽样调查)(人)
,分省年度数据,60.41666666666667,四川省,2022年,6岁及6岁以上初中女性人口数(人口抽样调查)(人)
12010,分省年度数据,60.41666666666667,四川省,2021年,6岁及6岁以上初中女性人口数(人口抽样调查)(人)
,分省年度数据,60.41666666666667,四川省,2022年,6岁及6岁以上高中男性人口数(人口抽样调查)(人)
7131,分省年度数据,60.41666666666667,四川省,2021年,6岁及6岁以上高中男性人口数(人口抽样调查)(人)
,分省年度数据,60.41666666666667,四川省,2022年,6岁及6岁以上高中女性人口数(人口抽样调查)(人)
5836,分省年度数据,60.41666666666667,四川省,2021年,6岁及6岁以上高中女性人口数(人口抽样调查)(人)
,分省年度数据,60.41666666666667,四川省,2022年,居住在港澳台或国外，户口在本乡、镇、街道男性人口数(人口抽样调查)(人)
70,分省年度数据,60.41666666666667,四川省,2021年,居住在港澳台或国外，户口在本乡、镇、街道男性人口数(人口抽样调查)(人)
,分省年度数据,60.41666666666667,四川省,2022年,居住在港澳台或国外，户口在本乡、镇、街道女性人口数(人口抽样调查)(人)
31,分省年度数据,60.41666666666667,四川省,2021年,居住在港澳台或国外，户口在本乡、镇、街道女性人口数(人口抽样调查)(人)
,分省年度数据,60.41666666666667,四川省,2022年,住本乡、镇、街道，户口在外乡、镇、街道，离开户口登记地半年以上人口数(人口抽样调查)(人)
25684,分省年度数据,60.41666666666667,四川省,2021年,住本乡、镇、街道，户口在外乡、镇、街道，离开户口登记地半年以上人口数(人口抽样调查)(人)
,分省年度数据,60.41666666666667,四川省,2022年,住本乡、镇、街道，户口在外乡、镇、街道，离开户口登记地半年以上男性人口数(人口抽样调查)(人)
12667,分省年度数据,60.41666666666667,四川省,2021年,住本乡、镇、街道，户口在外乡、镇、街道，离开户口登记地半年以上男性人口数(人口抽样调查)(人)
,分省年度数据,60.41666666666667,四川省,2022年,住本乡、镇、街道，户口在外乡、镇、街道，离开户口登记地半年以上女性人口数(人口抽样调查)(人)
13017,分省年度数据,60.41666666666667,四川省,2021年,住本乡、镇、街道，户口在外乡、镇、街道，离开户口登记地半年以上女性人口数(人口抽样调查)(人)
,分省年度数据,55.833333333333336,四川省,2022年,城镇登记失业率(%)
3.6,分省年度数据,55.833333333333336,四川省,2021年,城镇登记失业率(%)
数值,所属栏目,排名,地区,时间,指标
,分省年度数据,54.16666666666667,四川省,2022年,最终消费率(%)
,分省年度数据,54.16666666666667,四川省,2021年,最终消费率(%)
,分省年度数据,54.16666666666667,四川省,2022年,资本形成率(%)
,分省年度数据,54.16666666666667,四川省,2021年,资本形成率(%)
,分省年度数据,54.16666666666667,四川省,2022年,森林覆盖率(%)
38.0,分省年度数据,54.16666666666667,四川省,2021年,森林覆盖率(%)
,分省年度数据,54.16666666666667,四川省,2022年,小学生师比(教师人数=1)
15.71,分省年度数据,54.16666666666667,四川省,2021年,小学生师比(教师人数=1)
,分省年度数据,54.16666666666667,四川省,2022年,质量损失率(%)
,分省年度数据,54.16666666666667,四川省,2021年,质量损失率(%)
,分省年度数据,54.16666666666667,四川省,2022年,电话普及率(包括移动电话)(部/百人)
134.47,分省年度数据,54.16666666666667,四川省,2021年,电话普及率(包括移动电话)(部/百人)
96.3,分省月度数据,54.16666666666667,四川省,2023年4月,产品销售率(按现价计算)_当月值(%)
96.2,分省月度数据,54.16666666666667,四川省,2023年4月,产品销售率(按现价计算)_累计值(%)
-1.2,分省月度数据,54.16666666666667,四川省,2023年4月,产品销售率(按现价计算)_同比增长(百分点)
-1.9,分省月度数据,54.16666666666667,四川省,2023年4月,产品销售率(按现价计算)_累计增长(百分点)
数值,所属栏目,排名,地区,时间,指标
,分省年度数据,54.16666666666667,四川省,2022年,火化率(%)
,分省年度数据,54.16666666666667,四川省,2021年,火化率(%)
,分省年度数据,54.16666666666667,四川省,2022年,粗离婚率(‰)
2.37,分省年度数据,54.16666666666667,四川省,2021年,粗离婚率(‰)
,分省年度数据,54.16666666666667,四川省,2022年,互联网普及率(%)
,分省年度数据,54.16666666666667,四川省,2021年,互联网普及率(%)
,分省年度数据,54.16666666666667,四川省,2022年,城市燃气普及率(%)
98.12,分省年度数据,54.16666666666667,四川省,2021年,城市燃气普及率(%)
,分省年度数据,54.16666666666667,四川省,2022年,移动电话普及率(部/百人)
111.55,分省年度数据,54.16666666666667,四川省,2021年,移动电话普及率(部/百人)
,分省年度数据,54.16666666666667,四川省,2022年,本科院校生师比(教师人数=1)
,分省年度数据,54.16666666666667,四川省,2021年,本科院校生师比(教师人数=1)
,分省年度数据,54.16666666666667,四川省,2022年,专科院校生师比(教师人数=1)
,分省年度数据,54.16666666666667,四川省,2021年,专科院校生师比(教师人数=1)
,分省年度数据,54.16666666666667,四川省,2022年,产品质量一等品率(%)
,分省年度数据,54.16666666666667,四川省,2021年,产品质量一等品率(%)
,分省年度数据,54.16666666666667,四川省,2022年,已通邮的行政村比重(%)
100.0,分省年度数据,54.16666666666667,四川省,2021年,已通邮的行政村比重(%)
,分省年度数据,54.16666666666667,四川省,2022年,城市用水普及率(%)
98.66,分省年度数据,54.16666666666667,四川省,2021年,城市用水普及率(%)
数值,所属栏目,排名,地区,时间,指标
,分省年度数据,54.16666666666667,四川省,2022年,产品质量合格率(%)
92.8,分省年度数据,54.16666666666667,四川省,2021年,产品质量合格率(%)
,分省年度数据,54.16666666666667,四川省,2022年,医院病床使用率(%)
82.2,分省年度数据,54.16666666666667,四川省,2021年,医院病床使用率(%)
,分省年度数据,54.16666666666667,四川省,2022年,建成区绿化覆盖率(%)
43.1,分省年度数据,54.16666666666667,四川省,2021年,建成区绿化覆盖率(%)
,分省年度数据,54.16666666666667,四川省,2022年,产品质量优等品率(%)
,分省年度数据,54.16666666666667,四川省,2021年,产品质量优等品率(%)
,分省年度数据,54.16666666666667,四川省,2022年,产品质量合格品率(%)
,分省年度数据,54.16666666666667,四川省,2021年,产品质量合格品率(%)
,分省年度数据,54.16666666666667,四川省,2022年,社区服务机构覆盖率(%)
,分省年度数据,54.16666666666667,四川省,2021年,社区服务机构覆盖率(%)
,分省年度数据,54.16666666666667,四川省,2022年,生活垃圾无害化处理率(%)
100.0,分省年度数据,54.16666666666667,四川省,2021年,生活垃圾无害化处理率(%)
,分省年度数据,54.16666666666667,四川省,2022年,森林病害防治率(%)
,分省年度数据,54.16666666666667,四川省,2021年,森林病害防治率(%)
,分省年度数据,54.16666666666667,四川省,2022年,森林虫害防治率(%)
,分省年度数据,54.16666666666667,四川省,2021年,森林虫害防治率(%)
,分省年度数据,54.16666666666667,四川省,2022年,森林鼠(兔)害防治率(%)
,分省年度数据,54.16666666666667,四川省,2021年,森林鼠(兔)害防治率(%)
数值,所属栏目,排名,地区,时间,指标
,分省年度数据,54.16666666666667,四川省,2022年,建筑业企业技术装备率(元/人)
4936,分省年度数据,54.16666666666667,四川省,2021年,建筑业企业技术装备率(元/人)
,分省年度数据,54.16666666666667,四川省,2022年,建筑业企业动力装备率(千瓦/人)
2,分省年度数据,54.16666666666667,四川省,2021年,建筑业企业动力装备率(千瓦/人)
,分省年度数据,54.16666666666667,四川省,2022年,政府办医院病床使用率(%)
,分省年度数据,54.16666666666667,四川省,2021年,政府办医院病床使用率(%)
,分省年度数据,54.16666666666667,四川省,2022年,医疗卫生机构急诊病死率(%)
0.1,分省年度数据,54.16666666666667,四川省,2021年,医疗卫生机构急诊病死率(%)
,分省年度数据,54.16666666666667,四川省,2022年,自然保护区占辖区面积比重(%)
,分省年度数据,54.16666666666667,四川省,2021年,自然保护区占辖区面积比重(%)
,分省年度数据,54.16666666666667,四川省,2022年,初中生师比(教师人数=1)
12.49,分省年度数据,54.16666666666667,四川省,2021年,初中生师比(教师人数=1)
,分省年度数据,54.16666666666667,四川省,2022年,普通高校生师比(教师人数=1)
19.87,分省年度数据,54.16666666666667,四川省,2021年,普通高校生师比(教师人数=1)
,分省年度数据,54.16666666666667,四川省,2022年,建筑业企业资产利税率(%)
5.2,分省年度数据,54.16666666666667,四川省,2021年,建筑业企业资产利税率(%)
,分省年度数据,54.16666666666667,四川省,2022年,医疗卫生机构观察室病死率(%)
0.1,分省年度数据,54.16666666666667,四川省,2021年,医疗卫生机构观察室病死率(%)
,分省季度数据,54.16666666666667,四川省,2023年第一季度,建筑业企业产值利润率_累计值(%)
数值,所属栏目,排名,地区,时间,指标
,分省年度数据,54.16666666666667,四川省,2022年,农村农户固定资产投资_比上年增长(%)
2.7,分省年度数据,54.16666666666667,四川省,2021年,农村农户固定资产投资_比上年增长(%)
,分省年度数据,54.16666666666667,四川省,2022年,农村农户竣工房屋投资_比上年增长(%)
21.1,分省年度数据,54.16666666666667,四川省,2021年,农村农户竣工房屋投资_比上年增长(%)
137740,分省季度数据,54.16666666666667,四川省,2023年第一季度,按总产值计算的劳动生产率_累计值(元/人)
,分省年度数据,54.16666666666667,四川省,2022年,森林病虫鼠害防治率(%)
72.7,分省年度数据,54.16666666666667,四川省,2021年,森林病虫鼠害防治率(%)
,分省年度数据,54.16666666666667,四川省,2022年,建筑业企业产值利税率(%)
5.3,分省年度数据,54.16666666666667,四川省,2021年,建筑业企业产值利税率(%)
,分省年度数据,54.16666666666667,四川省,2022年,乡镇卫生院病床使用率(%)
66.9,分省年度数据,54.16666666666667,四川省,2021年,乡镇卫生院病床使用率(%)
,分省年度数据,54.16666666666667,四川省,2022年,房地产开发企业资产负债率(%)
82.8,分省年度数据,54.16666666666667,四川省,2021年,房地产开发企业资产负债率(%)
,分省年度数据,54.16666666666667,四川省,2022年,国有建筑业企业技术装备率(元/人)
,分省年度数据,54.16666666666667,四川省,2021年,国有建筑业企业技术装备率(元/人)
,分省年度数据,54.16666666666667,四川省,2022年,国有建筑业企业动力装备率(千瓦/人)
,分省年度数据,54.16666666666667,四川省,2021年,国有建筑业企业动力装备率(千瓦/人)
,分省年度数据,54.16666666666667,四川省,2022年,开通互联网宽带业务的行政村比重(%)
,分省年度数据,54.16666666666667,四川省,2021年,开通互联网宽带业务的行政村比重(%)
数值,所属栏目,排名,地区,时间,指标
,分省年度数据,54.16666666666667,四川省,2022年,农村农户竣工住宅投资_比上年增长(%)
24.9,分省年度数据,54.16666666666667,四川省,2021年,农村农户竣工住宅投资_比上年增长(%)
,分省年度数据,54.16666666666667,四川省,2022年,固定资产投资(不含农户)_比上年增长(%)
5.9,分省年度数据,54.16666666666667,四川省,2021年,固定资产投资(不含农户)_比上年增长(%)
,分省年度数据,54.16666666666667,四川省,2022年,普通高中生师比(教师人数=1)
13.48,分省年度数据,54.16666666666667,四川省,2021年,普通高中生师比(教师人数=1)
,分省年度数据,54.16666666666667,四川省,2022年,职业高中生师比(教师人数=1)
,分省年度数据,54.16666666666667,四川省,2021年,职业高中生师比(教师人数=1)
,分省年度数据,54.16666666666667,四川省,2022年,按建筑业增加值计算的劳动生产率(元/人.年)
,分省年度数据,54.16666666666667,四川省,2021年,按建筑业增加值计算的劳动生产率(元/人.年)
,分省年度数据,54.16666666666667,四川省,2022年,有电子商务交易活动的企业数比重(%)
12.6,分省年度数据,54.16666666666667,四川省,2021年,有电子商务交易活动的企业数比重(%)
,分省年度数据,54.16666666666667,四川省,2022年,房地产开发企业房屋建筑面积竣工率(%)
8.1,分省年度数据,54.16666666666667,四川省,2021年,房地产开发企业房屋建筑面积竣工率(%)
,分省年度数据,54.16666666666667,四川省,2022年,中央固定资产投资(不含农户)_比上年增长(%)
-20.4,分省年度数据,54.16666666666667,四川省,2021年,中央固定资产投资(不含农户)_比上年增长(%)
,分省年度数据,54.16666666666667,四川省,2022年,内资固定资产投资(不含农户)_比上年增长(%)
6.1,分省年度数据,54.16666666666667,四川省,2021年,内资固定资产投资(不含农户)_比上年增长(%)
,分省年度数据,54.16666666666667,四川省,2022年,教育固定资产投资(不含农户)_比上年增长(%)
7.1,分省年度数据,54.16666666666667,四川省,2021年,教育固定资产投资(不含农户)_比上年增长(%)
数值,所属栏目,排名,地区,时间,指标
,分省年度数据,54.16666666666667,四川省,2022年,普通中专生师比(教师人数=1)
,分省年度数据,54.16666666666667,四川省,2021年,普通中专生师比(教师人数=1)
,分省年度数据,54.16666666666667,四川省,2022年,新建固定资产投资(不含农户)_比上年增长(%)
7.3,分省年度数据,54.16666666666667,四川省,2021年,新建固定资产投资(不含农户)_比上年增长(%)
,分省年度数据,54.16666666666667,四川省,2022年,扩建固定资产投资(不含农户)_比上年增长(%)
11.1,分省年度数据,54.16666666666667,四川省,2021年,扩建固定资产投资(不含农户)_比上年增长(%)
,分省年度数据,54.16666666666667,四川省,2022年,按建筑业总产值计算的建筑业企业劳动生产率(元/人)
420179,分省年度数据,54.16666666666667,四川省,2021年,按建筑业总产值计算的建筑业企业劳动生产率(元/人)
,分省年度数据,54.16666666666667,四川省,2022年,制造业固定资产投资(不含农户)_比上年增长(%)
2.7,分省年度数据,54.16666666666667,四川省,2021年,制造业固定资产投资(不含农户)_比上年增长(%)
,分省年度数据,54.16666666666667,四川省,2022年,制造业固定资产投资(不含农户)_比上年增长(%)
2.7,分省年度数据,54.16666666666667,四川省,2021年,制造业固定资产投资(不含农户)_比上年增长(%)
,分省年度数据,54.16666666666667,四川省,2022年,建筑业固定资产投资(不含农户)_比上年增长(%)
5.4,分省年度数据,54.16666666666667,四川省,2021年,建筑业固定资产投资(不含农户)_比上年增长(%)
,分省年度数据,54.16666666666667,四川省,2022年,金融业固定资产投资(不含农户)_比上年增长(%)
15.7,分省年度数据,54.16666666666667,四川省,2021年,金融业固定资产投资(不含农户)_比上年增长(%)
,分省年度数据,54.16666666666667,四川省,2022年,有线广播电视用户数占家庭总户数的比重(%)(%)
29.2,分省年度数据,54.16666666666667,四川省,2021年,有线广播电视用户数占家庭总户数的比重(%)(%)
,分省年度数据,54.16666666666667,四川省,2022年,基础设施固定资产投资(不含农户)_比上年增长(%)
0.5,分省年度数据,54.16666666666667,四川省,2021年,基础设施固定资产投资(不含农户)_比上年增长(%)
数值,所属栏目,排名,地区,时间,指标
,分省年度数据,54.16666666666667,四川省,2022年,固定资产投资(不含农户)国内贷款_比上年增长(%)
-11.1,分省年度数据,54.16666666666667,四川省,2021年,固定资产投资(不含农户)国内贷款_比上年增长(%)
,分省年度数据,54.16666666666667,四川省,2022年,固定资产投资(不含农户)其他资金_比上年增长(%)
4.5,分省年度数据,54.16666666666667,四川省,2021年,固定资产投资(不含农户)其他资金_比上年增长(%)
,分省年度数据,54.16666666666667,四川省,2022年,其他费用固定资产投资(不含农户)_比上年增长(%)
9.7,分省年度数据,54.16666666666667,四川省,2021年,其他费用固定资产投资(不含农户)_比上年增长(%)
,分省年度数据,54.16666666666667,四川省,2022年,地方项目固定资产投资(不含农户)_比上年增长(%)
6.8,分省年度数据,54.16666666666667,四川省,2021年,地方项目固定资产投资(不含农户)_比上年增长(%)
,分省年度数据,54.16666666666667,四川省,2022年,国际组织固定资产投资(不含农户)_比上年增长(%)
,分省年度数据,54.16666666666667,四川省,2021年,国际组织固定资产投资(不含农户)_比上年增长(%)
,分省年度数据,54.16666666666667,四川省,2022年,固定资产投资(不含农户)实际到位资金_比上年增长(%)
2.9,分省年度数据,54.16666666666667,四川省,2021年,固定资产投资(不含农户)实际到位资金_比上年增长(%)
,分省年度数据,54.16666666666667,四川省,2022年,港澳台商投资固定资产投资(不含农户)_比上年增长(%)
-7.7,分省年度数据,54.16666666666667,四川省,2021年,港澳台商投资固定资产投资(不含农户)_比上年增长(%)
,分省年度数据,54.16666666666667,四川省,2022年,改建固定资产投资(不含农户)_比上年增长(%)
0.5,分省年度数据,54.16666666666667,四川省,2021年,改建固定资产投资(不含农户)_比上年增长(%)
,分省年度数据,54.16666666666667,四川省,2022年,按总承包建筑业企业总产值计算的劳动生产率(元/人)
,分省年度数据,54.16666666666667,四川省,2021年,按总承包建筑业企业总产值计算的劳动生产率(元/人)
,分省年度数据,54.16666666666667,四川省,2022年,采矿业固定资产投资(不含农户)_比上年增长(%)
10.2,分省年度数据,54.16666666666667,四川省,2021年,采矿业固定资产投资(不含农户)_比上年增长(%)
数值,所属栏目,排名,地区,时间,指标
,分省季度数据,54.16666666666667,四川省,2023年第一季度,国有及国有控股建筑业企业产值利润率_累计值(%)
,分省年度数据,54.16666666666667,四川省,2022年,固定资产投资(不含农户)自筹资金_比上年增长(%)
3.6,分省年度数据,54.16666666666667,四川省,2021年,固定资产投资(不含农户)自筹资金_比上年增长(%)
,分省年度数据,54.16666666666667,四川省,2022年,外商投资固定资产投资(不含农户)_比上年增长(%)
1.6,分省年度数据,54.16666666666667,四川省,2021年,外商投资固定资产投资(不含农户)_比上年增长(%)
,分省年度数据,54.16666666666667,四川省,2022年,集体控股固定资产投资(不含农户)_比上年增长(%)
-16.0,分省年度数据,54.16666666666667,四川省,2021年,集体控股固定资产投资(不含农户)_比上年增长(%)
,分省年度数据,54.16666666666667,四川省,2022年,私人控股固定资产投资(不含农户)_比上年增长(%)
11.3,分省年度数据,54.16666666666667,四川省,2021年,私人控股固定资产投资(不含农户)_比上年增长(%)
,分省年度数据,54.16666666666667,四川省,2022年,房地产业固定资产投资(不含农户)_比上年增长(%)
6.2,分省年度数据,54.16666666666667,四川省,2021年,房地产业固定资产投资(不含农户)_比上年增长(%)
,分省年度数据,54.16666666666667,四川省,2022年,按建筑业总产值计算的集体建筑业企业劳动生产率(元/人)
244900,分省年度数据,54.16666666666667,四川省,2021年,按建筑业总产值计算的集体建筑业企业劳动生产率(元/人)
,分省年度数据,54.16666666666667,四川省,2022年,房地产开发固定资产投资(不含农户)_比上年增长(%)
7.1,分省年度数据,54.16666666666667,四川省,2021年,房地产开发固定资产投资(不含农户)_比上年增长(%)
,分省年度数据,54.16666666666667,四川省,2022年,农村有线广播电视用户数占家庭总户数的比重(%)(%)
15.1,分省年度数据,54.16666666666667,四川省,2021年,农村有线广播电视用户数占家庭总户数的比重(%)(%)
,分省年度数据,54.16666666666667,四川省,2022年,固定资产投资(不含农户)国家预算资金_比上年增长(%)
10.9,分省年度数据,54.16666666666667,四川省,2021年,固定资产投资(不含农户)国家预算资金_比上年增长(%)
数值,所属栏目,排名,地区,时间,指标
,分省年度数据,54.16666666666667,四川省,2022年,建筑安装工程固定资产投资(不含农户)_比上年增长(%)
8.0,分省年度数据,54.16666666666667,四川省,2021年,建筑安装工程固定资产投资(不含农户)_比上年增长(%)
,分省年度数据,54.16666666666667,四川省,2022年,批发和零售业固定资产投资(不含农户)_比上年增长(%)
-22.6,分省年度数据,54.16666666666667,四川省,2021年,批发和零售业固定资产投资(不含农户)_比上年增长(%)
,分省年度数据,54.16666666666667,四川省,2022年,住宿和餐饮业固定资产投资(不含农户)_比上年增长(%)
31.9,分省年度数据,54.16666666666667,四川省,2021年,住宿和餐饮业固定资产投资(不含农户)_比上年增长(%)
,分省年度数据,54.16666666666667,四川省,2022年,卫生和社会工作固定资产投资(不含农户)_比上年增长(%)
28.2,分省年度数据,54.16666666666667,四川省,2021年,卫生和社会工作固定资产投资(不含农户)_比上年增长(%)
,分省年度数据,54.16666666666667,四川省,2022年,按专业承包建筑业企业总产值计算的劳动生产率(元/人)
,分省年度数据,54.16666666666667,四川省,2021年,按专业承包建筑业企业总产值计算的劳动生产率(元/人)
,分省年度数据,54.16666666666667,四川省,2022年,固定资产投资(不含农户)利用外资_比上年增长(%)
-4.2,分省年度数据,54.16666666666667,四川省,2021年,固定资产投资(不含农户)利用外资_比上年增长(%)
,分省年度数据,54.16666666666667,四川省,2022年,国有控股固定资产投资(不含农户)_比上年增长(%)
9.4,分省年度数据,54.16666666666667,四川省,2021年,国有控股固定资产投资(不含农户)_比上年增长(%)
,分省年度数据,54.16666666666667,四川省,2022年,按建筑业总产值计算的国有建筑业企业劳动生产率(元/人)
507542,分省年度数据,54.16666666666667,四川省,2021年,按建筑业总产值计算的国有建筑业企业劳动生产率(元/人)
,分省年度数据,54.16666666666667,四川省,2022年,设备工器具购置固定资产投资(不含农户)_比上年增长(%)
-17.6,分省年度数据,54.16666666666667,四川省,2021年,设备工器具购置固定资产投资(不含农户)_比上年增长(%)
,分省年度数据,54.16666666666667,四川省,2022年,租赁和商务服务业固定资产投资(不含农户)_比上年增长(%)
28.6,分省年度数据,54.16666666666667,四川省,2021年,租赁和商务服务业固定资产投资(不含农户)_比上年增长(%)
数值,所属栏目,排名,地区,时间,指标
,分省年度数据,54.16666666666667,四川省,2022年,文化、体育和娱乐业固定资产投资(不含农户)_比上年增长(%)
28.2,分省年度数据,54.16666666666667,四川省,2021年,文化、体育和娱乐业固定资产投资(不含农户)_比上年增长(%)
197947,分省季度数据,54.16666666666667,四川省,2023年第一季度,国有及国有控股建筑业按总产值计算劳动生产率_累计值(元/人)
,分省年度数据,54.16666666666667,四川省,2022年,农、林、牧、渔业固定资产投资(不含农户)_比上年增长(%)
6.0,分省年度数据,54.16666666666667,四川省,2021年,农、林、牧、渔业固定资产投资(不含农户)_比上年增长(%)
,分省年度数据,54.16666666666667,四川省,2022年,科学研究和技术服务业固定资产投资(不含农户)_比上年增长(%)
29.9,分省年度数据,54.16666666666667,四川省,2021年,科学研究和技术服务业固定资产投资(不含农户)_比上年增长(%)
,分省年度数据,54.16666666666667,四川省,2022年,居民服务、修理和其他服务业固定资产投资(不含农户)_比上年增长(%)
10.0,分省年度数据,54.16666666666667,四川省,2021年,居民服务、修理和其他服务业固定资产投资(不含农户)_比上年增长(%)
,分省年度数据,54.16666666666667,四川省,2022年,公共管理、社会保障和社会组织固定资产投资(不含农户)_比上年增长(%)
4.2,分省年度数据,54.16666666666667,四川省,2021年,公共管理、社会保障和社会组织固定资产投资(不含农户)_比上年增长(%)
,分省年度数据,54.16666666666667,四川省,2022年,交通运输、仓储和邮政业固定资产投资(不含农户)_比上年增长(%)
4.4,分省年度数据,54.16666666666667,四川省,2021年,交通运输、仓储和邮政业固定资产投资(不含农户)_比上年增长(%)
,分省年度数据,54.16666666666667,四川省,2022年,水利、环境和公共设施管理业固定资产投资(不含农户)_比上年增长(%)
-4.5,分省年度数据,54.16666666666667,四川省,2021年,水利、环境和公共设施管理业固定资产投资(不含农户)_比上年增长(%)
,分省年度数据,54.16666666666667,四川省,2022年,信息传输、软件和信息技术服务业固定资产投资(不含农户)_比上年增长(%)
7.5,分省年度数据,54.16666666666667,四川省,2021年,信息传输、软件和信息技术服务业固定资产投资(不含农户)_比上年增长(%)
,分省年度数据,54.16666666666667,四川省,2022年,电力、热力、燃气及水生产和供应业固定资产投资(不含农户)_比上年增长(%)
24.2,分省年度数据,54.16666666666667,四川省,2021年,电力、热力、燃气及水生产和供应业固定资产投资(不含农户)_比上年增长(%)
数值,所属栏目,排名,地区,时间,指标
,年度数据,45.833333333333336,全国,2022年,出生人数(人口抽样调查)(人)
,年度数据,45.833333333333336,全国,2021年,出生人数(人口抽样调查)(人)
,年度数据,45.833333333333336,全国,2022年,第一孩次出生人口数(人口抽样调查)(人)
,年度数据,45.833333333333336,全国,2021年,第一孩次出生人口数(人口抽样调查)(人)
,年度数据,45.833333333333336,全国,2022年,第二孩次出生人口数(人口抽样调查)(人)
,年度数据,45.833333333333336,全国,2021年,第二孩次出生人口数(人口抽样调查)(人)
,年度数据,45.833333333333336,全国,2022年,第三孩及以上出生人口数(人口抽样调查)(人)
,年度数据,45.833333333333336,全国,2021年,第三孩及以上出生人口数(人口抽样调查)(人)
,年度数据,45.833333333333336,全国,2022年,15岁育龄妇女第一孩次出生人口数(人口抽样调查)(人)
,年度数据,45.833333333333336,全国,2021年,15岁育龄妇女第一孩次出生人口数(人口抽样调查)(人)
,年度数据,45.833333333333336,全国,2022年,16岁育龄妇女第一孩次出生人口数(人口抽样调查)(人)
,年度数据,45.833333333333336,全国,2021年,16岁育龄妇女第一孩次出生人口数(人口抽样调查)(人)
,年度数据,45.833333333333336,全国,2022年,17岁育龄妇女第一孩次出生人口数(人口抽样调查)(人)
,年度数据,45.833333333333336,全国,2021年,17岁育龄妇女第一孩次出生人口数(人口抽样调查)(人)
,年度数据,45.833333333333336,全国,2022年,18岁育龄妇女第一孩次出生人口数(人口抽样调查)(人)
,年度数据,45.833333333333336,全国,2021年,18岁育龄妇女第一孩次出生人口数(人口抽样调查)(人)
,年度数据,45.833333333333336,全国,2022年,19岁育龄妇女第一孩次出生人口数(人口抽样调查)(人)
,年度数据,45.833333333333336,全国,2021年,19岁育龄妇女第一孩次出生人口数(人口抽样调查)(人)
,年度数据,45.833333333333336,全国,2022年,20岁育龄妇女第一孩次出生人口数(人口抽样调查)(人)
,年度数据,45.833333333333336,全国,2021年,20岁育龄妇女第一孩次出生人口数(人口抽样调查)(人)
数值,所属栏目,排名,地区,时间,指标
,年度数据,45.833333333333336,全国,2022年,21岁育龄妇女第一孩次出生人口数(人口抽样调查)(人)
,年度数据,45.833333333333336,全国,2021年,21岁育龄妇女第一孩次出生人口数(人口抽样调查)(人)
,年度数据,45.833333333333336,全国,2022年,22岁育龄妇女第一孩次出生人口数(人口抽样调查)(人)
,年度数据,45.833333333333336,全国,2021年,22岁育龄妇女第一孩次出生人口数(人口抽样调查)(人)
,年度数据,45.833333333333336,全国,2022年,23岁育龄妇女第一孩次出生人口数(人口抽样调查)(人)
,年度数据,45.833333333333336,全国,2021年,23岁育龄妇女第一孩次出生人口数(人口抽样调查)(人)
,年度数据,45.833333333333336,全国,2022年,24岁育龄妇女第一孩次出生人口数(人口抽样调查)(人)
,年度数据,45.833333333333336,全国,2021年,24岁育龄妇女第一孩次出生人口数(人口抽样调查)(人)
,年度数据,45.833333333333336,全国,2022年,25岁育龄妇女第一孩次出生人口数(人口抽样调查)(人)
,年度数据,45.833333333333336,全国,2021年,25岁育龄妇女第一孩次出生人口数(人口抽样调查)(人)
,年度数据,45.833333333333336,全国,2022年,26岁育龄妇女第一孩次出生人口数(人口抽样调查)(人)
,年度数据,45.833333333333336,全国,2021年,26岁育龄妇女第一孩次出生人口数(人口抽样调查)(人)
,年度数据,45.833333333333336,全国,2022年,27岁育龄妇女第一孩次出生人口数(人口抽样调查)(人)
,年度数据,45.833333333333336,全国,2021年,27岁育龄妇女第一孩次出生人口数(人口抽样调查)(人)
,年度数据,45.833333333333336,全国,2022年,28岁育龄妇女第一孩次出生人口数(人口抽样调查)(人)
,年度数据,45.833333333333336,全国,2021年,28岁育龄妇女第一孩次出生人口数(人口抽样调查)(人)
,年度数据,45.833333333333336,全国,2022年,29岁育龄妇女第一孩次出生人口数(人口抽样调查)(人)
,年度数据,45.833333333333336,全国,2021年,29岁育龄妇女第一孩次出生人口数(人口抽样调查)(人)
,年度数据,45.833333333333336,全国,2022年,30岁育龄妇女第一孩次出生人口数(人口抽样调查)(人)
,年度数据,45.833333333333336,全国,2021年,30岁育龄妇女第一孩次出生人口数(人口抽样调查)(人)
数值,所属栏目,排名,地区,时间,指标
,年度数据,45.833333333333336,全国,2022年,31岁育龄妇女第一孩次出生人口数(人口抽样调查)(人)
,年度数据,45.833333333333336,全国,2021年,31岁育龄妇女第一孩次出生人口数(人口抽样调查)(人)
,年度数据,45.833333333333336,全国,2022年,32岁育龄妇女第一孩次出生人口数(人口抽样调查)(人)
,年度数据,45.833333333333336,全国,2021年,32岁育龄妇女第一孩次出生人口数(人口抽样调查)(人)
,年度数据,45.833333333333336,全国,2022年,33岁育龄妇女第一孩次出生人口数(人口抽样调查)(人)
,年度数据,45.833333333333336,全国,2021年,33岁育龄妇女第一孩次出生人口数(人口抽样调查)(人)
,年度数据,45.833333333333336,全国,2022年,34岁育龄妇女第一孩次出生人口数(人口抽样调查)(人)
,年度数据,45.833333333333336,全国,2021年,34岁育龄妇女第一孩次出生人口数(人口抽样调查)(人)
,年度数据,45.833333333333336,全国,2022年,35岁育龄妇女第一孩次出生人口数(人口抽样调查)(人)
,年度数据,45.833333333333336,全国,2021年,35岁育龄妇女第一孩次出生人口数(人口抽样调查)(人)
,年度数据,45.833333333333336,全国,2022年,36岁育龄妇女第一孩次出生人口数(人口抽样调查)(人)
,年度数据,45.833333333333336,全国,2021年,36岁育龄妇女第一孩次出生人口数(人口抽样调查)(人)
,年度数据,45.833333333333336,全国,2022年,37岁育龄妇女第一孩次出生人口数(人口抽样调查)(人)
,年度数据,45.833333333333336,全国,2021年,37岁育龄妇女第一孩次出生人口数(人口抽样调查)(人)
,年度数据,45.833333333333336,全国,2022年,38岁育龄妇女第一孩次出生人口数(人口抽样调查)(人)
,年度数据,45.833333333333336,全国,2021年,38岁育龄妇女第一孩次出生人口数(人口抽样调查)(人)
,年度数据,45.833333333333336,全国,2022年,39岁育龄妇女第一孩次出生人口数(人口抽样调查)(人)
,年度数据,45.833333333333336,全国,2021年,39岁育龄妇女第一孩次出生人口数(人口抽样调查)(人)
,年度数据,45.833333333333336,全国,2022年,40岁育龄妇女第一孩次出生人口数(人口抽样调查)(人)
,年度数据,45.833333333333336,全国,2021年,40岁育龄妇女第一孩次出生人口数(人口抽样调查)(人)
数值,所属栏目,排名,地区,时间,指标
,年度数据,45.833333333333336,全国,2022年,41岁育龄妇女第一孩次出生人口数(人口抽样调查)(人)
,年度数据,45.833333333333336,全国,2021年,41岁育龄妇女第一孩次出生人口数(人口抽样调查)(人)
,年度数据,45.833333333333336,全国,2022年,42岁育龄妇女第一孩次出生人口数(人口抽样调查)(人)
,年度数据,45.833333333333336,全国,2021年,42岁育龄妇女第一孩次出生人口数(人口抽样调查)(人)
,年度数据,45.833333333333336,全国,2022年,43岁育龄妇女第一孩次出生人口数(人口抽样调查)(人)
,年度数据,45.833333333333336,全国,2021年,43岁育龄妇女第一孩次出生人口数(人口抽样调查)(人)
,年度数据,45.833333333333336,全国,2022年,44岁育龄妇女第一孩次出生人口数(人口抽样调查)(人)
,年度数据,45.833333333333336,全国,2021年,44岁育龄妇女第一孩次出生人口数(人口抽样调查)(人)
,年度数据,45.833333333333336,全国,2022年,45岁育龄妇女第一孩次出生人口数(人口抽样调查)(人)
,年度数据,45.833333333333336,全国,2021年,45岁育龄妇女第一孩次出生人口数(人口抽样调查)(人)
,年度数据,45.833333333333336,全国,2022年,46岁育龄妇女第一孩次出生人口数(人口抽样调查)(人)
,年度数据,45.833333333333336,全国,2021年,46岁育龄妇女第一孩次出生人口数(人口抽样调查)(人)
,年度数据,45.833333333333336,全国,2022年,47岁育龄妇女第一孩次出生人口数(人口抽样调查)(人)
,年度数据,45.833333333333336,全国,2021年,47岁育龄妇女第一孩次出生人口数(人口抽样调查)(人)
,年度数据,45.833333333333336,全国,2022年,48岁育龄妇女第一孩次出生人口数(人口抽样调查)(人)
,年度数据,45.833333333333336,全国,2021年,48岁育龄妇女第一孩次出生人口数(人口抽样调查)(人)
,年度数据,45.833333333333336,全国,2022年,49岁育龄妇女第一孩次出生人口数(人口抽样调查)(人)
,年度数据,45.833333333333336,全国,2021年,49岁育龄妇女第一孩次出生人口数(人口抽样调查)(人)
,年度数据,45.833333333333336,全国,2022年,15岁育龄妇女第二孩次出生人口数(人口抽样调查)(人)
,年度数据,45.833333333333336,全国,2021年,15岁育龄妇女第二孩次出生人口数(人口抽样调查)(人)
数值,所属栏目,排名,地区,时间,指标
,年度数据,45.833333333333336,全国,2022年,16岁育龄妇女第二孩次出生人口数(人口抽样调查)(人)
,年度数据,45.833333333333336,全国,2021年,16岁育龄妇女第二孩次出生人口数(人口抽样调查)(人)
,年度数据,45.833333333333336,全国,2022年,17岁育龄妇女第二孩次出生人口数(人口抽样调查)(人)
,年度数据,45.833333333333336,全国,2021年,17岁育龄妇女第二孩次出生人口数(人口抽样调查)(人)
,年度数据,45.833333333333336,全国,2022年,18岁育龄妇女第二孩次出生人口数(人口抽样调查)(人)
,年度数据,45.833333333333336,全国,2021年,18岁育龄妇女第二孩次出生人口数(人口抽样调查)(人)
,年度数据,45.833333333333336,全国,2022年,19岁育龄妇女第二孩次出生人口数(人口抽样调查)(人)
,年度数据,45.833333333333336,全国,2021年,19岁育龄妇女第二孩次出生人口数(人口抽样调查)(人)
,年度数据,45.833333333333336,全国,2022年,20岁育龄妇女第二孩次出生人口数(人口抽样调查)(人)
,年度数据,45.833333333333336,全国,2021年,20岁育龄妇女第二孩次出生人口数(人口抽样调查)(人)
,年度数据,45.833333333333336,全国,2022年,21岁育龄妇女第二孩次出生人口数(人口抽样调查)(人)
,年度数据,45.833333333333336,全国,2021年,21岁育龄妇女第二孩次出生人口数(人口抽样调查)(人)
,年度数据,45.833333333333336,全国,2022年,22岁育龄妇女第二孩次出生人口数(人口抽样调查)(人)
,年度数据,45.833333333333336,全国,2021年,22岁育龄妇女第二孩次出生人口数(人口抽样调查)(人)
,年度数据,45.833333333333336,全国,2022年,23岁育龄妇女第二孩次出生人口数(人口抽样调查)(人)
,年度数据,45.833333333333336,全国,2021年,23岁育龄妇女第二孩次出生人口数(人口抽样调查)(人)
,年度数据,45.833333333333336,全国,2022年,24岁育龄妇女第二孩次出生人口数(人口抽样调查)(人)
,年度数据,45.833333333333336,全国,2021年,24岁育龄妇女第二孩次出生人口数(人口抽样调查)(人)
,年度数据,45.833333333333336,全国,2022年,25岁育龄妇女第二孩次出生人口数(人口抽样调查)(人)
,年度数据,45.833333333333336,全国,2021年,25岁育龄妇女第二孩次出生人口数(人口抽样调查)(人)
数值,所属栏目,排名,地区,时间,指标
,年度数据,45.833333333333336,全国,2022年,26岁育龄妇女第二孩次出生人口数(人口抽样调查)(人)
,年度数据,45.833333333333336,全国,2021年,26岁育龄妇女第二孩次出生人口数(人口抽样调查)(人)
,年度数据,45.833333333333336,全国,2022年,27岁育龄妇女第二孩次出生人口数(人口抽样调查)(人)
,年度数据,45.833333333333336,全国,2021年,27岁育龄妇女第二孩次出生人口数(人口抽样调查)(人)
,年度数据,45.833333333333336,全国,2022年,28岁育龄妇女第二孩次出生人口数(人口抽样调查)(人)
,年度数据,45.833333333333336,全国,2021年,28岁育龄妇女第二孩次出生人口数(人口抽样调查)(人)
,年度数据,45.833333333333336,全国,2022年,29岁育龄妇女第二孩次出生人口数(人口抽样调查)(人)
,年度数据,45.833333333333336,全国,2021年,29岁育龄妇女第二孩次出生人口数(人口抽样调查)(人)
,年度数据,45.833333333333336,全国,2022年,30岁育龄妇女第二孩次出生人口数(人口抽样调查)(人)
,年度数据,45.833333333333336,全国,2021年,30岁育龄妇女第二孩次出生人口数(人口抽样调查)(人)
,年度数据,45.833333333333336,全国,2022年,31岁育龄妇女第二孩次出生人口数(人口抽样调查)(人)
,年度数据,45.833333333333336,全国,2021年,31岁育龄妇女第二孩次出生人口数(人口抽样调查)(人)
,年度数据,45.833333333333336,全国,2022年,32岁育龄妇女第二孩次出生人口数(人口抽样调查)(人)
,年度数据,45.833333333333336,全国,2021年,32岁育龄妇女第二孩次出生人口数(人口抽样调查)(人)
,年度数据,45.833333333333336,全国,2022年,33岁育龄妇女第二孩次出生人口数(人口抽样调查)(人)
,年度数据,45.833333333333336,全国,2021年,33岁育龄妇女第二孩次出生人口数(人口抽样调查)(人)
,年度数据,45.833333333333336,全国,2022年,34岁育龄妇女第二孩次出生人口数(人口抽样调查)(人)
,年度数据,45.833333333333336,全国,2021年,34岁育龄妇女第二孩次出生人口数(人口抽样调查)(人)
,年度数据,45.833333333333336,全国,2022年,35岁育龄妇女第二孩次出生人口数(人口抽样调查)(人)
,年度数据,45.833333333333336,全国,2021年,35岁育龄妇女第二孩次出生人口数(人口抽样调查)(人)
数值,所属栏目,排名,地区,时间,指标
,年度数据,45.833333333333336,全国,2022年,36岁育龄妇女第二孩次出生人口数(人口抽样调查)(人)
,年度数据,45.833333333333336,全国,2021年,36岁育龄妇女第二孩次出生人口数(人口抽样调查)(人)
,年度数据,45.833333333333336,全国,2022年,37岁育龄妇女第二孩次出生人口数(人口抽样调查)(人)
,年度数据,45.833333333333336,全国,2021年,37岁育龄妇女第二孩次出生人口数(人口抽样调查)(人)
,年度数据,45.833333333333336,全国,2022年,38岁育龄妇女第二孩次出生人口数(人口抽样调查)(人)
,年度数据,45.833333333333336,全国,2021年,38岁育龄妇女第二孩次出生人口数(人口抽样调查)(人)
,年度数据,45.833333333333336,全国,2022年,39岁育龄妇女第二孩次出生人口数(人口抽样调查)(人)
,年度数据,45.833333333333336,全国,2021年,39岁育龄妇女第二孩次出生人口数(人口抽样调查)(人)
,年度数据,45.833333333333336,全国,2022年,40岁育龄妇女第二孩次出生人口数(人口抽样调查)(人)
,年度数据,45.833333333333336,全国,2021年,40岁育龄妇女第二孩次出生人口数(人口抽样调查)(人)
,年度数据,45.833333333333336,全国,2022年,41岁育龄妇女第二孩次出生人口数(人口抽样调查)(人)
,年度数据,45.833333333333336,全国,2021年,41岁育龄妇女第二孩次出生人口数(人口抽样调查)(人)
,年度数据,45.833333333333336,全国,2022年,42岁育龄妇女第二孩次出生人口数(人口抽样调查)(人)
,年度数据,45.833333333333336,全国,2021年,42岁育龄妇女第二孩次出生人口数(人口抽样调查)(人)
,年度数据,45.833333333333336,全国,2022年,43岁育龄妇女第二孩次出生人口数(人口抽样调查)(人)
,年度数据,45.833333333333336,全国,2021年,43岁育龄妇女第二孩次出生人口数(人口抽样调查)(人)
,年度数据,45.833333333333336,全国,2022年,44岁育龄妇女第二孩次出生人口数(人口抽样调查)(人)
,年度数据,45.833333333333336,全国,2021年,44岁育龄妇女第二孩次出生人口数(人口抽样调查)(人)
,年度数据,45.833333333333336,全国,2022年,45岁育龄妇女第二孩次出生人口数(人口抽样调查)(人)
,年度数据,45.833333333333336,全国,2021年,45岁育龄妇女第二孩次出生人口数(人口抽样调查)(人)
数值,所属栏目,排名,地区,时间,指标
,年度数据,45.833333333333336,全国,2022年,46岁育龄妇女第二孩次出生人口数(人口抽样调查)(人)
,年度数据,45.833333333333336,全国,2021年,46岁育龄妇女第二孩次出生人口数(人口抽样调查)(人)
,年度数据,45.833333333333336,全国,2022年,47岁育龄妇女第二孩次出生人口数(人口抽样调查)(人)
,年度数据,45.833333333333336,全国,2021年,47岁育龄妇女第二孩次出生人口数(人口抽样调查)(人)
,年度数据,45.833333333333336,全国,2022年,48岁育龄妇女第二孩次出生人口数(人口抽样调查)(人)
,年度数据,45.833333333333336,全国,2021年,48岁育龄妇女第二孩次出生人口数(人口抽样调查)(人)
,年度数据,45.833333333333336,全国,2022年,49岁育龄妇女第二孩次出生人口数(人口抽样调查)(人)
,年度数据,45.833333333333336,全国,2021年,49岁育龄妇女第二孩次出生人口数(人口抽样调查)(人)
,年度数据,45.833333333333336,全国,2022年,15-19岁育龄妇女第一孩次出生人口数(人口抽样调查)(人)
,年度数据,45.833333333333336,全国,2021年,15-19岁育龄妇女第一孩次出生人口数(人口抽样调查)(人)
,年度数据,45.833333333333336,全国,2022年,20-24岁育龄妇女第一孩次出生人口数(人口抽样调查)(人)
,年度数据,45.833333333333336,全国,2021年,20-24岁育龄妇女第一孩次出生人口数(人口抽样调查)(人)
,年度数据,45.833333333333336,全国,2022年,25-29岁育龄妇女第一孩次出生人口数(人口抽样调查)(人)
,年度数据,45.833333333333336,全国,2021年,25-29岁育龄妇女第一孩次出生人口数(人口抽样调查)(人)
,年度数据,45.833333333333336,全国,2022年,30-34岁育龄妇女第一孩次出生人口数(人口抽样调查)(人)
,年度数据,45.833333333333336,全国,2021年,30-34岁育龄妇女第一孩次出生人口数(人口抽样调查)(人)
,年度数据,45.833333333333336,全国,2022年,35-39岁育龄妇女第一孩次出生人口数(人口抽样调查)(人)
,年度数据,45.833333333333336,全国,2021年,35-39岁育龄妇女第一孩次出生人口数(人口抽样调查)(人)
,年度数据,45.833333333333336,全国,2022年,40-44岁育龄妇女第一孩次出生人口数(人口抽样调查)(人)
,年度数据,45.833333333333336,全国,2021年,40-44岁育龄妇女第一孩次出生人口数(人口抽样调查)(人)
数值,所属栏目,排名,地区,时间,指标
,年度数据,45.833333333333336,全国,2022年,45-49岁育龄妇女第一孩次出生人口数(人口抽样调查)(人)
,年度数据,45.833333333333336,全国,2021年,45-49岁育龄妇女第一孩次出生人口数(人口抽样调查)(人)
,年度数据,45.833333333333336,全国,2022年,15-19岁育龄妇女第二孩次出生人口数(人口抽样调查)(人)
,年度数据,45.833333333333336,全国,2021年,15-19岁育龄妇女第二孩次出生人口数(人口抽样调查)(人)
,年度数据,45.833333333333336,全国,2022年,20-24岁育龄妇女第二孩次出生人口数(人口抽样调查)(人)
,年度数据,45.833333333333336,全国,2021年,20-24岁育龄妇女第二孩次出生人口数(人口抽样调查)(人)
,年度数据,45.833333333333336,全国,2022年,25-29岁育龄妇女第二孩次出生人口数(人口抽样调查)(人)
,年度数据,45.833333333333336,全国,2021年,25-29岁育龄妇女第二孩次出生人口数(人口抽样调查)(人)
,年度数据,45.833333333333336,全国,2022年,30-34岁育龄妇女第二孩次出生人口数(人口抽样调查)(人)
,年度数据,45.833333333333336,全国,2021年,30-34岁育龄妇女第二孩次出生人口数(人口抽样调查)(人)
,年度数据,45.833333333333336,全国,2022年,35-39岁育龄妇女第二孩次出生人口数(人口抽样调查)(人)
,年度数据,45.833333333333336,全国,2021年,35-39岁育龄妇女第二孩次出生人口数(人口抽样调查)(人)
,年度数据,45.833333333333336,全国,2022年,40-44岁育龄妇女第二孩次出生人口数(人口抽样调查)(人)
,年度数据,45.833333333333336,全国,2021年,40-44岁育龄妇女第二孩次出生人口数(人口抽样调查)(人)
,年度数据,45.833333333333336,全国,2022年,45-49岁育龄妇女第二孩次出生人口数(人口抽样调查)(人)
,年度数据,45.833333333333336,全国,2021年,45-49岁育龄妇女第二孩次出生人口数(人口抽样调查)(人)
,年度数据,45.833333333333336,全国,2022年,15岁育龄妇女第三孩次及以上出生人口数(人口抽样调查)(人)
,年度数据,45.833333333333336,全国,2021年,15岁育龄妇女第三孩次及以上出生人口数(人口抽样调查)(人)
,年度数据,45.833333333333336,全国,2022年,16岁育龄妇女第三孩次及以上出生人口数(人口抽样调查)(人)
,年度数据,45.833333333333336,全国,2021年,16岁育龄妇女第三孩次及以上出生人口数(人口抽样调查)(人)
数值,所属栏目,排名,地区,时间,指标
,年度数据,45.833333333333336,全国,2022年,17岁育龄妇女第三孩次及以上出生人口数(人口抽样调查)(人)
,年度数据,45.833333333333336,全国,2021年,17岁育龄妇女第三孩次及以上出生人口数(人口抽样调查)(人)
,年度数据,45.833333333333336,全国,2022年,18岁育龄妇女第三孩次及以上出生人口数(人口抽样调查)(人)
,年度数据,45.833333333333336,全国,2021年,18岁育龄妇女第三孩次及以上出生人口数(人口抽样调查)(人)
,年度数据,45.833333333333336,全国,2022年,19岁育龄妇女第三孩次及以上出生人口数(人口抽样调查)(人)
,年度数据,45.833333333333336,全国,2021年,19岁育龄妇女第三孩次及以上出生人口数(人口抽样调查)(人)
,年度数据,45.833333333333336,全国,2022年,20岁育龄妇女第三孩次及以上出生人口数(人口抽样调查)(人)
,年度数据,45.833333333333336,全国,2021年,20岁育龄妇女第三孩次及以上出生人口数(人口抽样调查)(人)
,年度数据,45.833333333333336,全国,2022年,21岁育龄妇女第三孩次及以上出生人口数(人口抽样调查)(人)
,年度数据,45.833333333333336,全国,2021年,21岁育龄妇女第三孩次及以上出生人口数(人口抽样调查)(人)
,年度数据,45.833333333333336,全国,2022年,22岁育龄妇女第三孩次及以上出生人口数(人口抽样调查)(人)
,年度数据,45.833333333333336,全国,2021年,22岁育龄妇女第三孩次及以上出生人口数(人口抽样调查)(人)
,年度数据,45.833333333333336,全国,2022年,23岁育龄妇女第三孩次及以上出生人口数(人口抽样调查)(人)
,年度数据,45.833333333333336,全国,2021年,23岁育龄妇女第三孩次及以上出生人口数(人口抽样调查)(人)
,年度数据,45.833333333333336,全国,2022年,24岁育龄妇女第三孩次及以上出生人口数(人口抽样调查)(人)
,年度数据,45.833333333333336,全国,2021年,24岁育龄妇女第三孩次及以上出生人口数(人口抽样调查)(人)
,年度数据,45.833333333333336,全国,2022年,25岁育龄妇女第三孩次及以上出生人口数(人口抽样调查)(人)
,年度数据,45.833333333333336,全国,2021年,25岁育龄妇女第三孩次及以上出生人口数(人口抽样调查)(人)
,年度数据,45.833333333333336,全国,2022年,26岁育龄妇女第三孩次及以上出生人口数(人口抽样调查)(人)
,年度数据,45.833333333333336,全国,2021年,26岁育龄妇女第三孩次及以上出生人口数(人口抽样调查)(人)
数值,所属栏目,排名,地区,时间,指标
,年度数据,45.833333333333336,全国,2022年,27岁育龄妇女第三孩次及以上出生人口数(人口抽样调查)(人)
,年度数据,45.833333333333336,全国,2021年,27岁育龄妇女第三孩次及以上出生人口数(人口抽样调查)(人)
,年度数据,45.833333333333336,全国,2022年,28岁育龄妇女第三孩次及以上出生人口数(人口抽样调查)(人)
,年度数据,45.833333333333336,全国,2021年,28岁育龄妇女第三孩次及以上出生人口数(人口抽样调查)(人)
,年度数据,45.833333333333336,全国,2022年,29岁育龄妇女第三孩次及以上出生人口数(人口抽样调查)(人)
,年度数据,45.833333333333336,全国,2021年,29岁育龄妇女第三孩次及以上出生人口数(人口抽样调查)(人)
,年度数据,45.833333333333336,全国,2022年,30岁育龄妇女第三孩次及以上出生人口数(人口抽样调查)(人)
,年度数据,45.833333333333336,全国,2021年,30岁育龄妇女第三孩次及以上出生人口数(人口抽样调查)(人)
,年度数据,45.833333333333336,全国,2022年,31岁育龄妇女第三孩次及以上出生人口数(人口抽样调查)(人)
,年度数据,45.833333333333336,全国,2021年,31岁育龄妇女第三孩次及以上出生人口数(人口抽样调查)(人)
,年度数据,45.833333333333336,全国,2022年,32岁育龄妇女第三孩次及以上出生人口数(人口抽样调查)(人)
,年度数据,45.833333333333336,全国,2021年,32岁育龄妇女第三孩次及以上出生人口数(人口抽样调查)(人)
,年度数据,45.833333333333336,全国,2022年,33岁育龄妇女第三孩次及以上出生人口数(人口抽样调查)(人)
,年度数据,45.833333333333336,全国,2021年,33岁育龄妇女第三孩次及以上出生人口数(人口抽样调查)(人)
,年度数据,45.833333333333336,全国,2022年,34岁育龄妇女第三孩次及以上出生人口数(人口抽样调查)(人)
,年度数据,45.833333333333336,全国,2021年,34岁育龄妇女第三孩次及以上出生人口数(人口抽样调查)(人)
,年度数据,45.833333333333336,全国,2022年,35岁育龄妇女第三孩次及以上出生人口数(人口抽样调查)(人)
,年度数据,45.833333333333336,全国,2021年,35岁育龄妇女第三孩次及以上出生人口数(人口抽样调查)(人)
,年度数据,45.833333333333336,全国,2022年,36岁育龄妇女第三孩次及以上出生人口数(人口抽样调查)(人)
,年度数据,45.833333333333336,全国,2021年,36岁育龄妇女第三孩次及以上出生人口数(人口抽样调查)(人)
数值,所属栏目,排名,地区,时间,指标
,年度数据,45.833333333333336,全国,2022年,37岁育龄妇女第三孩次及以上出生人口数(人口抽样调查)(人)
,年度数据,45.833333333333336,全国,2021年,37岁育龄妇女第三孩次及以上出生人口数(人口抽样调查)(人)
,年度数据,45.833333333333336,全国,2022年,38岁育龄妇女第三孩次及以上出生人口数(人口抽样调查)(人)
,年度数据,45.833333333333336,全国,2021年,38岁育龄妇女第三孩次及以上出生人口数(人口抽样调查)(人)
,年度数据,45.833333333333336,全国,2022年,39岁育龄妇女第三孩次及以上出生人口数(人口抽样调查)(人)
,年度数据,45.833333333333336,全国,2021年,39岁育龄妇女第三孩次及以上出生人口数(人口抽样调查)(人)
,年度数据,45.833333333333336,全国,2022年,40岁育龄妇女第三孩次及以上出生人口数(人口抽样调查)(人)
,年度数据,45.833333333333336,全国,2021年,40岁育龄妇女第三孩次及以上出生人口数(人口抽样调查)(人)
,年度数据,45.833333333333336,全国,2022年,41岁育龄妇女第三孩次及以上出生人口数(人口抽样调查)(人)
,年度数据,45.833333333333336,全国,2021年,41岁育龄妇女第三孩次及以上出生人口数(人口抽样调查)(人)
,年度数据,45.833333333333336,全国,2022年,42岁育龄妇女第三孩次及以上出生人口数(人口抽样调查)(人)
,年度数据,45.833333333333336,全国,2021年,42岁育龄妇女第三孩次及以上出生人口数(人口抽样调查)(人)
,年度数据,45.833333333333336,全国,2022年,43岁育龄妇女第三孩次及以上出生人口数(人口抽样调查)(人)
,年度数据,45.833333333333336,全国,2021年,43岁育龄妇女第三孩次及以上出生人口数(人口抽样调查)(人)
,年度数据,45.833333333333336,全国,2022年,44岁育龄妇女第三孩次及以上出生人口数(人口抽样调查)(人)
,年度数据,45.833333333333336,全国,2021年,44岁育龄妇女第三孩次及以上出生人口数(人口抽样调查)(人)
,年度数据,45.833333333333336,全国,2022年,45岁育龄妇女第三孩次及以上出生人口数(人口抽样调查)(人)
,年度数据,45.833333333333336,全国,2021年,45岁育龄妇女第三孩次及以上出生人口数(人口抽样调查)(人)
,年度数据,45.833333333333336,全国,2022年,46岁育龄妇女第三孩次及以上出生人口数(人口抽样调查)(人)
,年度数据,45.833333333333336,全国,2021年,46岁育龄妇女第三孩次及以上出生人口数(人口抽样调查)(人)
数值,所属栏目,排名,地区,时间,指标
,年度数据,45.833333333333336,全国,2022年,47岁育龄妇女第三孩次及以上出生人口数(人口抽样调查)(人)
,年度数据,45.833333333333336,全国,2021年,47岁育龄妇女第三孩次及以上出生人口数(人口抽样调查)(人)
,年度数据,45.833333333333336,全国,2022年,48岁育龄妇女第三孩次及以上出生人口数(人口抽样调查)(人)
,年度数据,45.833333333333336,全国,2021年,48岁育龄妇女第三孩次及以上出生人口数(人口抽样调查)(人)
,年度数据,45.833333333333336,全国,2022年,49岁育龄妇女第三孩次及以上出生人口数(人口抽样调查)(人)
,年度数据,45.833333333333336,全国,2021年,49岁育龄妇女第三孩次及以上出生人口数(人口抽样调查)(人)
,年度数据,45.833333333333336,全国,2022年,15-19岁育龄妇女第三孩次及以上出生人口数(人口抽样调查)(人)
,年度数据,45.833333333333336,全国,2021年,15-19岁育龄妇女第三孩次及以上出生人口数(人口抽样调查)(人)
,年度数据,45.833333333333336,全国,2022年,20-24岁育龄妇女第三孩次及以上出生人口数(人口抽样调查)(人)
,年度数据,45.833333333333336,全国,2021年,20-24岁育龄妇女第三孩次及以上出生人口数(人口抽样调查)(人)
,年度数据,45.833333333333336,全国,2022年,25-29岁育龄妇女第三孩次及以上出生人口数(人口抽样调查)(人)
,年度数据,45.833333333333336,全国,2021年,25-29岁育龄妇女第三孩次及以上出生人口数(人口抽样调查)(人)
,年度数据,45.833333333333336,全国,2022年,30-34岁育龄妇女第三孩次及以上出生人口数(人口抽样调查)(人)
,年度数据,45.833333333333336,全国,2021年,30-34岁育龄妇女第三孩次及以上出生人口数(人口抽样调查)(人)
,年度数据,45.833333333333336,全国,2022年,35-39岁育龄妇女第三孩次及以上出生人口数(人口抽样调查)(人)
,年度数据,45.833333333333336,全国,2021年,35-39岁育龄妇女第三孩次及以上出生人口数(人口抽样调查)(人)
,年度数据,45.833333333333336,全国,2022年,40-44岁育龄妇女第三孩次及以上出生人口数(人口抽样调查)(人)
,年度数据,45.833333333333336,全国,2021年,40-44岁育龄妇女第三孩次及以上出生人口数(人口抽样调查)(人)
,年度数据,45.833333333333336,全国,2022年,45-49岁育龄妇女第三孩次及以上出生人口数(人口抽样调查)(人)
,年度数据,45.833333333333336,全国,2021年,45-49岁育龄妇女第三孩次及以上出生人口数(人口抽样调查)(人)
数值,所属栏目,排名,地区,时间,指标
7.37,年度数据,39.583333333333336,全国,2022年,人口死亡率(‰)
7.18,年度数据,39.583333333333336,全国,2021年,人口死亡率(‰)
-0.60,年度数据,39.583333333333336,全国,2022年,人口自然增长率(‰)
0.34,年度数据,39.583333333333336,全国,2021年,人口自然增长率(‰)
,年度数据,39.583333333333336,全国,2022年,人口普查性别比(女=100)
,年度数据,39.583333333333336,全国,2021年,人口普查性别比(女=100)
,年度数据,39.583333333333336,全国,2022年,人口普查文盲率(%)
,年度数据,39.583333333333336,全国,2021年,人口普查文盲率(%)
,年度数据,39.583333333333336,全国,2022年,新生儿死亡率(‰)
3.10,年度数据,39.583333333333336,全国,2021年,新生儿死亡率(‰)
,年度数据,39.583333333333336,全国,2022年,人口火灾发生率(1/10万人)
,年度数据,39.583333333333336,全国,2021年,人口火灾发生率(1/10万人)
,年度数据,39.583333333333336,全国,2022年,生育率(人口抽样调查)(‰)
,年度数据,39.583333333333336,全国,2021年,生育率(人口抽样调查)(‰)
,年度数据,39.583333333333336,全国,2022年,老年人口抚养比(人口抽样调查)(%)
20.8,年度数据,39.583333333333336,全国,2021年,老年人口抚养比(人口抽样调查)(%)
,年度数据,39.583333333333336,全国,2022年,农村广播人口覆盖率(%)
99.3,年度数据,39.583333333333336,全国,2021年,农村广播人口覆盖率(%)
,年度数据,39.583333333333336,全国,2022年,农村电视人口覆盖率(%)
99.5,年度数据,39.583333333333336,全国,2021年,农村电视人口覆盖率(%)
数值,所属栏目,排名,地区,时间,指标
,年度数据,39.583333333333336,全国,2022年,人口普查城镇化率(%)
,年度数据,39.583333333333336,全国,2021年,人口普查城镇化率(%)
,年度数据,39.583333333333336,全国,2022年,新生儿破伤风死亡率(‰)
0.0001,年度数据,39.583333333333336,全国,2021年,新生儿破伤风死亡率(‰)
,年度数据,39.583333333333336,全国,2022年,新生儿破伤风病死率(%)
,年度数据,39.583333333333336,全国,2021年,新生儿破伤风病死率(%)
,年度数据,39.583333333333336,全国,2022年,人口普查汉族占总人口比重(%)
,年度数据,39.583333333333336,全国,2021年,人口普查汉族占总人口比重(%)
,年度数据,39.583333333333336,全国,2022年,城市新生儿死亡率(‰)
1.90,年度数据,39.583333333333336,全国,2021年,城市新生儿死亡率(‰)
,年度数据,39.583333333333336,全国,2022年,农村新生儿死亡率(‰)
3.60,年度数据,39.583333333333336,全国,2021年,农村新生儿死亡率(‰)
,年度数据,39.583333333333336,全国,2022年,新生儿破伤风发病率(‰)
0.00,年度数据,39.583333333333336,全国,2021年,新生儿破伤风发病率(‰)
,年度数据,39.583333333333336,全国,2022年,人口普查少数民族占总人口比重(%)
,年度数据,39.583333333333336,全国,2021年,人口普查少数民族占总人口比重(%)
,年度数据,39.583333333333336,全国,2022年,人口普查0-14岁人口占总人口比重(%)
,年度数据,39.583333333333336,全国,2021年,人口普查0-14岁人口占总人口比重(%)
,年度数据,39.583333333333336,全国,2022年,人口普查15-64岁人口占总人口比重(%)
,年度数据,39.583333333333336,全国,2021年,人口普查15-64岁人口占总人口比重(%)
数值,所属栏目,排名,地区,时间,指标
,年度数据,39.583333333333336,全国,2022年,人口普查65岁及以上人口占总人口比重(%)
,年度数据,39.583333333333336,全国,2021年,人口普查65岁及以上人口占总人口比重(%)
,年度数据,39.583333333333336,全国,2022年,总抚养比(人口抽样调查)(%)
46.4,年度数据,39.583333333333336,全国,2021年,总抚养比(人口抽样调查)(%)
99.6,年度数据,39.583333333333336,全国,2022年,广播节目综合人口覆盖率(%)
99.5,年度数据,39.583333333333336,全国,2021年,广播节目综合人口覆盖率(%)
99.8,年度数据,39.583333333333336,全国,2022年,电视节目综合人口覆盖率(%)
99.7,年度数据,39.583333333333336,全国,2021年,电视节目综合人口覆盖率(%)
99.6,年度数据,39.583333333333336,全国,2022年,广播节目综合人口覆盖率(%)
99.5,年度数据,39.583333333333336,全国,2021年,广播节目综合人口覆盖率(%)
,年度数据,39.583333333333336,全国,2022年,农村广播节目人口覆盖率(%)
99.3,年度数据,39.583333333333336,全国,2021年,农村广播节目人口覆盖率(%)
99.8,年度数据,39.583333333333336,全国,2022年,电视节目综合人口覆盖率(%)
99.7,年度数据,39.583333333333336,全国,2021年,电视节目综合人口覆盖率(%)
,年度数据,39.583333333333336,全国,2022年,农村电视节目人口覆盖率(%)
99.5,年度数据,39.583333333333336,全国,2021年,农村电视节目人口覆盖率(%)
数值,所属栏目,排名,地区,时间,指标
5.1,月度数据,39.583333333333336,全国,2023年4月,全国本地户籍人口城镇调查失业率(%)
5.4,月度数据,39.583333333333336,全国,2023年4月,全国外来户籍人口城镇调查失业率(%)
20.4,月度数据,39.583333333333336,全国,2023年4月,全国16-24岁人口城镇调查失业率(%)
4.2,月度数据,39.583333333333336,全国,2023年4月,全国25-59岁人口城镇调查失业率(%)
,年度数据,39.583333333333336,全国,2022年,性别比(女=100)(人口抽样调查)
104.61,年度数据,39.583333333333336,全国,2021年,性别比(女=100)(人口抽样调查)
,年度数据,39.583333333333336,全国,2022年,少年儿童抚养比(人口抽样调查)(%)
25.6,年度数据,39.583333333333336,全国,2021年,少年儿童抚养比(人口抽样调查)(%)
,年度数据,39.583333333333336,全国,2022年,第一孩次生育率(人口抽样调查)(‰)
,年度数据,39.583333333333336,全国,2021年,第一孩次生育率(人口抽样调查)(‰)
,年度数据,39.583333333333336,全国,2022年,第二孩次生育率(人口抽样调查)(‰)
,年度数据,39.583333333333336,全国,2021年,第二孩次生育率(人口抽样调查)(‰)
,年度数据,39.583333333333336,全国,2022年,第三孩次及以上生育率(人口抽样调查)(‰)
,年度数据,39.583333333333336,全国,2021年,第三孩次及以上生育率(人口抽样调查)(‰)
,年度数据,39.583333333333336,全国,2022年,0-4岁性别比(女=100)(人口抽样调查)
110.37,年度数据,39.583333333333336,全国,2021年,0-4岁性别比(女=100)(人口抽样调查)
数值,所属栏目,排名,地区,时间,指标
,年度数据,39.583333333333336,全国,2022年,5-9岁性别比(女=100)(人口抽样调查)
112.96,年度数据,39.583333333333336,全国,2021年,5-9岁性别比(女=100)(人口抽样调查)
,年度数据,39.583333333333336,全国,2022年,95岁以上性别比(女=100)(人口抽样调查)
43.20,年度数据,39.583333333333336,全国,2021年,95岁以上性别比(女=100)(人口抽样调查)
,年度数据,39.583333333333336,全国,2022年,10-14岁性别比(女=100)(人口抽样调查)
114.86,年度数据,39.583333333333336,全国,2021年,10-14岁性别比(女=100)(人口抽样调查)
,年度数据,39.583333333333336,全国,2022年,15-19岁性别比(女=100)(人口抽样调查)
116.17,年度数据,39.583333333333336,全国,2021年,15-19岁性别比(女=100)(人口抽样调查)
,年度数据,39.583333333333336,全国,2022年,20-24岁性别比(女=100)(人口抽样调查)
113.20,年度数据,39.583333333333336,全国,2021年,20-24岁性别比(女=100)(人口抽样调查)
,年度数据,39.583333333333336,全国,2022年,25-29岁性别比(女=100)(人口抽样调查)
110.68,年度数据,39.583333333333336,全国,2021年,25-29岁性别比(女=100)(人口抽样调查)
,年度数据,39.583333333333336,全国,2022年,30-34岁性别比(女=100)(人口抽样调查)
106.69,年度数据,39.583333333333336,全国,2021年,30-34岁性别比(女=100)(人口抽样调查)
,年度数据,39.583333333333336,全国,2022年,35-39岁性别比(女=100)(人口抽样调查)
105.76,年度数据,39.583333333333336,全国,2021年,35-39岁性别比(女=100)(人口抽样调查)
,年度数据,39.583333333333336,全国,2022年,40-44岁性别比(女=100)(人口抽样调查)
105.00,年度数据,39.583333333333336,全国,2021年,40-44岁性别比(女=100)(人口抽样调查)
,年度数据,39.583333333333336,全国,2022年,45-49岁性别比(女=100)(人口抽样调查)
103.73,年度数据,39.583333333333336,全国,2021年,45-49岁性别比(女=100)(人口抽样调查)
数值,所属栏目,排名,地区,时间,指标
,年度数据,39.583333333333336,全国,2022年,50-54岁性别比(女=100)(人口抽样调查)
101.74,年度数据,39.583333333333336,全国,2021年,50-54岁性别比(女=100)(人口抽样调查)
,年度数据,39.583333333333336,全国,2022年,55-59岁性别比(女=100)(人口抽样调查)
100.80,年度数据,39.583333333333336,全国,2021年,55-59岁性别比(女=100)(人口抽样调查)
,年度数据,39.583333333333336,全国,2022年,60-64岁性别比(女=100)(人口抽样调查)
99.88,年度数据,39.583333333333336,全国,2021年,60-64岁性别比(女=100)(人口抽样调查)
,年度数据,39.583333333333336,全国,2022年,65-69岁性别比(女=100)(人口抽样调查)
96.51,年度数据,39.583333333333336,全国,2021年,65-69岁性别比(女=100)(人口抽样调查)
,年度数据,39.583333333333336,全国,2022年,70-74岁性别比(女=100)(人口抽样调查)
94.08,年度数据,39.583333333333336,全国,2021年,70-74岁性别比(女=100)(人口抽样调查)
,年度数据,39.583333333333336,全国,2022年,75-79岁性别比(女=100)(人口抽样调查)
89.30,年度数据,39.583333333333336,全国,2021年,75-79岁性别比(女=100)(人口抽样调查)
,年度数据,39.583333333333336,全国,2022年,80-84岁性别比(女=100)(人口抽样调查)
82.27,年度数据,39.583333333333336,全国,2021年,80-84岁性别比(女=100)(人口抽样调查)
,年度数据,39.583333333333336,全国,2022年,85-89岁性别比(女=100)(人口抽样调查)
69.86,年度数据,39.583333333333336,全国,2021年,85-89岁性别比(女=100)(人口抽样调查)
,年度数据,39.583333333333336,全国,2022年,90-94岁性别比(女=100)(人口抽样调查)
63.07,年度数据,39.583333333333336,全国,2021年,90-94岁性别比(女=100)(人口抽样调查)
,年度数据,39.583333333333336,全国,2022年,15岁育龄妇女的生育率(人口抽样调查)(‰)
,年度数据,39.583333333333336,全国,2021年,15岁育龄妇女的生育率(人口抽样调查)(‰)
数值,所属栏目,排名,地区,时间,指标
,年度数据,39.583333333333336,全国,2022年,16岁育龄妇女的生育率(人口抽样调查)(‰)
,年度数据,39.583333333333336,全国,2021年,16岁育龄妇女的生育率(人口抽样调查)(‰)
,年度数据,39.583333333333336,全国,2022年,17岁育龄妇女的生育率(人口抽样调查)(‰)
,年度数据,39.583333333333336,全国,2021年,17岁育龄妇女的生育率(人口抽样调查)(‰)
,年度数据,39.583333333333336,全国,2022年,18岁育龄妇女的生育率(人口抽样调查)(‰)
,年度数据,39.583333333333336,全国,2021年,18岁育龄妇女的生育率(人口抽样调查)(‰)
,年度数据,39.583333333333336,全国,2022年,19岁育龄妇女的生育率(人口抽样调查)(‰)
,年度数据,39.583333333333336,全国,2021年,19岁育龄妇女的生育率(人口抽样调查)(‰)
,年度数据,39.583333333333336,全国,2022年,20岁育龄妇女的生育率(人口抽样调查)(‰)
,年度数据,39.583333333333336,全国,2021年,20岁育龄妇女的生育率(人口抽样调查)(‰)
,年度数据,39.583333333333336,全国,2022年,21岁育龄妇女的生育率(人口抽样调查)(‰)
,年度数据,39.583333333333336,全国,2021年,21岁育龄妇女的生育率(人口抽样调查)(‰)
,年度数据,39.583333333333336,全国,2022年,22岁育龄妇女的生育率(人口抽样调查)(‰)
,年度数据,39.583333333333336,全国,2021年,22岁育龄妇女的生育率(人口抽样调查)(‰)
,年度数据,39.583333333333336,全国,2022年,23岁育龄妇女的生育率(人口抽样调查)(‰)
,年度数据,39.583333333333336,全国,2021年,23岁育龄妇女的生育率(人口抽样调查)(‰)
,年度数据,39.583333333333336,全国,2022年,24岁育龄妇女的生育率(人口抽样调查)(‰)
,年度数据,39.583333333333336,全国,2021年,24岁育龄妇女的生育率(人口抽样调查)(‰)
,年度数据,39.583333333333336,全国,2022年,25岁育龄妇女的生育率(人口抽样调查)(‰)
,年度数据,39.583333333333336,全国,2021年,25岁育龄妇女的生育率(人口抽样调查)(‰)
数值,所属栏目,排名,地区,时间,指标
,年度数据,39.583333333333336,全国,2022年,26岁育龄妇女的生育率(人口抽样调查)(‰)
,年度数据,39.583333333333336,全国,2021年,26岁育龄妇女的生育率(人口抽样调查)(‰)
,年度数据,39.583333333333336,全国,2022年,27岁育龄妇女的生育率(人口抽样调查)(‰)
,年度数据,39.583333333333336,全国,2021年,27岁育龄妇女的生育率(人口抽样调查)(‰)
,年度数据,39.583333333333336,全国,2022年,28岁育龄妇女的生育率(人口抽样调查)(‰)
,年度数据,39.583333333333336,全国,2021年,28岁育龄妇女的生育率(人口抽样调查)(‰)
,年度数据,39.583333333333336,全国,2022年,29岁育龄妇女的生育率(人口抽样调查)(‰)
,年度数据,39.583333333333336,全国,2021年,29岁育龄妇女的生育率(人口抽样调查)(‰)
,年度数据,39.583333333333336,全国,2022年,30岁育龄妇女的生育率(人口抽样调查)(‰)
,年度数据,39.583333333333336,全国,2021年,30岁育龄妇女的生育率(人口抽样调查)(‰)
,年度数据,39.583333333333336,全国,2022年,31岁育龄妇女的生育率(人口抽样调查)(‰)
,年度数据,39.583333333333336,全国,2021年,31岁育龄妇女的生育率(人口抽样调查)(‰)
,年度数据,39.583333333333336,全国,2022年,32岁育龄妇女的生育率(人口抽样调查)(‰)
,年度数据,39.583333333333336,全国,2021年,32岁育龄妇女的生育率(人口抽样调查)(‰)
,年度数据,39.583333333333336,全国,2022年,33岁育龄妇女的生育率(人口抽样调查)(‰)
,年度数据,39.583333333333336,全国,2021年,33岁育龄妇女的生育率(人口抽样调查)(‰)
,年度数据,39.583333333333336,全国,2022年,34岁育龄妇女的生育率(人口抽样调查)(‰)
,年度数据,39.583333333333336,全国,2021年,34岁育龄妇女的生育率(人口抽样调查)(‰)
,年度数据,39.583333333333336,全国,2022年,35岁育龄妇女的生育率(人口抽样调查)(‰)
,年度数据,39.583333333333336,全国,2021年,35岁育龄妇女的生育率(人口抽样调查)(‰)
数值,所属栏目,排名,地区,时间,指标
,年度数据,39.583333333333336,全国,2022年,36岁育龄妇女的生育率(人口抽样调查)(‰)
,年度数据,39.583333333333336,全国,2021年,36岁育龄妇女的生育率(人口抽样调查)(‰)
,年度数据,39.583333333333336,全国,2022年,37岁育龄妇女的生育率(人口抽样调查)(‰)
,年度数据,39.583333333333336,全国,2021年,37岁育龄妇女的生育率(人口抽样调查)(‰)
,年度数据,39.583333333333336,全国,2022年,38岁育龄妇女的生育率(人口抽样调查)(‰)
,年度数据,39.583333333333336,全国,2021年,38岁育龄妇女的生育率(人口抽样调查)(‰)
,年度数据,39.583333333333336,全国,2022年,39岁育龄妇女的生育率(人口抽样调查)(‰)
,年度数据,39.583333333333336,全国,2021年,39岁育龄妇女的生育率(人口抽样调查)(‰)
,年度数据,39.583333333333336,全国,2022年,40岁育龄妇女的生育率(人口抽样调查)(‰)
,年度数据,39.583333333333336,全国,2021年,40岁育龄妇女的生育率(人口抽样调查)(‰)
,年度数据,39.583333333333336,全国,2022年,41岁育龄妇女的生育率(人口抽样调查)(‰)
,年度数据,39.583333333333336,全国,2021年,41岁育龄妇女的生育率(人口抽样调查)(‰)
,年度数据,39.583333333333336,全国,2022年,42岁育龄妇女的生育率(人口抽样调查)(‰)
,年度数据,39.583333333333336,全国,2021年,42岁育龄妇女的生育率(人口抽样调查)(‰)
,年度数据,39.583333333333336,全国,2022年,43岁育龄妇女的生育率(人口抽样调查)(‰)
,年度数据,39.583333333333336,全国,2021年,43岁育龄妇女的生育率(人口抽样调查)(‰)
,年度数据,39.583333333333336,全国,2022年,44岁育龄妇女的生育率(人口抽样调查)(‰)
,年度数据,39.583333333333336,全国,2021年,44岁育龄妇女的生育率(人口抽样调查)(‰)
,年度数据,39.583333333333336,全国,2022年,45岁育龄妇女的生育率(人口抽样调查)(‰)
,年度数据,39.583333333333336,全国,2021年,45岁育龄妇女的生育率(人口抽样调查)(‰)
数值,所属栏目,排名,地区,时间,指标
,年度数据,39.583333333333336,全国,2022年,46岁育龄妇女的生育率(人口抽样调查)(‰)
,年度数据,39.583333333333336,全国,2021年,46岁育龄妇女的生育率(人口抽样调查)(‰)
,年度数据,39.583333333333336,全国,2022年,47岁育龄妇女的生育率(人口抽样调查)(‰)
,年度数据,39.583333333333336,全国,2021年,47岁育龄妇女的生育率(人口抽样调查)(‰)
,年度数据,39.583333333333336,全国,2022年,48岁育龄妇女的生育率(人口抽样调查)(‰)
,年度数据,39.583333333333336,全国,2021年,48岁育龄妇女的生育率(人口抽样调查)(‰)
,年度数据,39.583333333333336,全国,2022年,49岁育龄妇女的生育率(人口抽样调查)(‰)
,年度数据,39.583333333333336,全国,2021年,49岁育龄妇女的生育率(人口抽样调查)(‰)
,年度数据,39.583333333333336,全国,2022年,15-19岁育龄妇女的生育率(人口抽样调查)(‰)
,年度数据,39.583333333333336,全国,2021年,15-19岁育龄妇女的生育率(人口抽样调查)(‰)
,年度数据,39.583333333333336,全国,2022年,20-24岁育龄妇女的生育率(人口抽样调查)(‰)
,年度数据,39.583333333333336,全国,2021年,20-24岁育龄妇女的生育率(人口抽样调查)(‰)
,年度数据,39.583333333333336,全国,2022年,25-29岁育龄妇女的生育率(人口抽样调查)(‰)
,年度数据,39.583333333333336,全国,2021年,25-29岁育龄妇女的生育率(人口抽样调查)(‰)
,年度数据,39.583333333333336,全国,2022年,30-34岁育龄妇女的生育率(人口抽样调查)(‰)
,年度数据,39.583333333333336,全国,2021年,30-34岁育龄妇女的生育率(人口抽样调查)(‰)
,年度数据,39.583333333333336,全国,2022年,35-39岁育龄妇女的生育率(人口抽样调查)(‰)
,年度数据,39.583333333333336,全国,2021年,35-39岁育龄妇女的生育率(人口抽样调查)(‰)
,年度数据,39.583333333333336,全国,2022年,40-44岁育龄妇女的生育率(人口抽样调查)(‰)
,年度数据,39.583333333333336,全国,2021年,40-44岁育龄妇女的生育率(人口抽样调查)(‰)
数值,所属栏目,排名,地区,时间,指标
,年度数据,39.583333333333336,全国,2022年,45-49岁育龄妇女的生育率(人口抽样调查)(‰)
,年度数据,39.583333333333336,全国,2021年,45-49岁育龄妇女的生育率(人口抽样调查)(‰)
,年度数据,39.583333333333336,全国,2022年,15岁育龄妇女第一孩次生育率(人口抽样调查)(‰)
,年度数据,39.583333333333336,全国,2021年,15岁育龄妇女第一孩次生育率(人口抽样调查)(‰)
,年度数据,39.583333333333336,全国,2022年,16岁育龄妇女第一孩次生育率(人口抽样调查)(‰)
,年度数据,39.583333333333336,全国,2021年,16岁育龄妇女第一孩次生育率(人口抽样调查)(‰)
,年度数据,39.583333333333336,全国,2022年,17岁育龄妇女第一孩次生育率(人口抽样调查)(‰)
,年度数据,39.583333333333336,全国,2021年,17岁育龄妇女第一孩次生育率(人口抽样调查)(‰)
,年度数据,39.583333333333336,全国,2022年,18岁育龄妇女第一孩次生育率(人口抽样调查)(‰)
,年度数据,39.583333333333336,全国,2021年,18岁育龄妇女第一孩次生育率(人口抽样调查)(‰)
,年度数据,39.583333333333336,全国,2022年,19岁育龄妇女第一孩次生育率(人口抽样调查)(‰)
,年度数据,39.583333333333336,全国,2021年,19岁育龄妇女第一孩次生育率(人口抽样调查)(‰)
,年度数据,39.583333333333336,全国,2022年,20岁育龄妇女第一孩次生育率(人口抽样调查)(‰)
,年度数据,39.583333333333336,全国,2021年,20岁育龄妇女第一孩次生育率(人口抽样调查)(‰)
,年度数据,39.583333333333336,全国,2022年,21岁育龄妇女第一孩次生育率(人口抽样调查)(‰)
,年度数据,39.583333333333336,全国,2021年,21岁育龄妇女第一孩次生育率(人口抽样调查)(‰)
,年度数据,39.583333333333336,全国,2022年,22岁育龄妇女第一孩次生育率(人口抽样调查)(‰)
,年度数据,39.583333333333336,全国,2021年,22岁育龄妇女第一孩次生育率(人口抽样调查)(‰)
,年度数据,39.583333333333336,全国,2022年,23岁育龄妇女第一孩次生育率(人口抽样调查)(‰)
,年度数据,39.583333333333336,全国,2021年,23岁育龄妇女第一孩次生育率(人口抽样调查)(‰)
数值,所属栏目,排名,地区,时间,指标
,年度数据,39.583333333333336,全国,2022年,24岁育龄妇女第一孩次生育率(人口抽样调查)(‰)
,年度数据,39.583333333333336,全国,2021年,24岁育龄妇女第一孩次生育率(人口抽样调查)(‰)
,年度数据,39.583333333333336,全国,2022年,25岁育龄妇女第一孩次生育率(人口抽样调查)(‰)
,年度数据,39.583333333333336,全国,2021年,25岁育龄妇女第一孩次生育率(人口抽样调查)(‰)
,年度数据,39.583333333333336,全国,2022年,26岁育龄妇女第一孩次生育率(人口抽样调查)(‰)
,年度数据,39.583333333333336,全国,2021年,26岁育龄妇女第一孩次生育率(人口抽样调查)(‰)
,年度数据,39.583333333333336,全国,2022年,27岁育龄妇女第一孩次生育率(人口抽样调查)(‰)
,年度数据,39.583333333333336,全国,2021年,27岁育龄妇女第一孩次生育率(人口抽样调查)(‰)
,年度数据,39.583333333333336,全国,2022年,28岁育龄妇女第一孩次生育率(人口抽样调查)(‰)
,年度数据,39.583333333333336,全国,2021年,28岁育龄妇女第一孩次生育率(人口抽样调查)(‰)
,年度数据,39.583333333333336,全国,2022年,29岁育龄妇女第一孩次生育率(人口抽样调查)(‰)
,年度数据,39.583333333333336,全国,2021年,29岁育龄妇女第一孩次生育率(人口抽样调查)(‰)
,年度数据,39.583333333333336,全国,2022年,30岁育龄妇女第一孩次生育率(人口抽样调查)(‰)
,年度数据,39.583333333333336,全国,2021年,30岁育龄妇女第一孩次生育率(人口抽样调查)(‰)
,年度数据,39.583333333333336,全国,2022年,31岁育龄妇女第一孩次生育率(人口抽样调查)(‰)
,年度数据,39.583333333333336,全国,2021年,31岁育龄妇女第一孩次生育率(人口抽样调查)(‰)
,年度数据,39.583333333333336,全国,2022年,32岁育龄妇女第一孩次生育率(人口抽样调查)(‰)
,年度数据,39.583333333333336,全国,2021年,32岁育龄妇女第一孩次生育率(人口抽样调查)(‰)
,年度数据,39.583333333333336,全国,2022年,33岁育龄妇女第一孩次生育率(人口抽样调查)(‰)
,年度数据,39.583333333333336,全国,2021年,33岁育龄妇女第一孩次生育率(人口抽样调查)(‰)
数值,所属栏目,排名,地区,时间,指标
,年度数据,39.583333333333336,全国,2022年,34岁育龄妇女第一孩次生育率(人口抽样调查)(‰)
,年度数据,39.583333333333336,全国,2021年,34岁育龄妇女第一孩次生育率(人口抽样调查)(‰)
,年度数据,39.583333333333336,全国,2022年,35岁育龄妇女第一孩次生育率(人口抽样调查)(‰)
,年度数据,39.583333333333336,全国,2021年,35岁育龄妇女第一孩次生育率(人口抽样调查)(‰)
,年度数据,39.583333333333336,全国,2022年,36岁育龄妇女第一孩次生育率(人口抽样调查)(‰)
,年度数据,39.583333333333336,全国,2021年,36岁育龄妇女第一孩次生育率(人口抽样调查)(‰)
,年度数据,39.583333333333336,全国,2022年,37岁育龄妇女第一孩次生育率(人口抽样调查)(‰)
,年度数据,39.583333333333336,全国,2021年,37岁育龄妇女第一孩次生育率(人口抽样调查)(‰)
,年度数据,39.583333333333336,全国,2022年,38岁育龄妇女第一孩次生育率(人口抽样调查)(‰)
,年度数据,39.583333333333336,全国,2021年,38岁育龄妇女第一孩次生育率(人口抽样调查)(‰)
,年度数据,39.583333333333336,全国,2022年,39岁育龄妇女第一孩次生育率(人口抽样调查)(‰)
,年度数据,39.583333333333336,全国,2021年,39岁育龄妇女第一孩次生育率(人口抽样调查)(‰)
,年度数据,39.583333333333336,全国,2022年,40岁育龄妇女第一孩次生育率(人口抽样调查)(‰)
,年度数据,39.583333333333336,全国,2021年,40岁育龄妇女第一孩次生育率(人口抽样调查)(‰)
,年度数据,39.583333333333336,全国,2022年,41岁育龄妇女第一孩次生育率(人口抽样调查)(‰)
,年度数据,39.583333333333336,全国,2021年,41岁育龄妇女第一孩次生育率(人口抽样调查)(‰)
,年度数据,39.583333333333336,全国,2022年,42岁育龄妇女第一孩次生育率(人口抽样调查)(‰)
,年度数据,39.583333333333336,全国,2021年,42岁育龄妇女第一孩次生育率(人口抽样调查)(‰)
,年度数据,39.583333333333336,全国,2022年,43岁育龄妇女第一孩次生育率(人口抽样调查)(‰)
,年度数据,39.583333333333336,全国,2021年,43岁育龄妇女第一孩次生育率(人口抽样调查)(‰)
数值,所属栏目,排名,地区,时间,指标
,年度数据,39.583333333333336,全国,2022年,44岁育龄妇女第一孩次生育率(人口抽样调查)(‰)
,年度数据,39.583333333333336,全国,2021年,44岁育龄妇女第一孩次生育率(人口抽样调查)(‰)
,年度数据,39.583333333333336,全国,2022年,45岁育龄妇女第一孩次生育率(人口抽样调查)(‰)
,年度数据,39.583333333333336,全国,2021年,45岁育龄妇女第一孩次生育率(人口抽样调查)(‰)
,年度数据,39.583333333333336,全国,2022年,46岁育龄妇女第一孩次生育率(人口抽样调查)(‰)
,年度数据,39.583333333333336,全国,2021年,46岁育龄妇女第一孩次生育率(人口抽样调查)(‰)
,年度数据,39.583333333333336,全国,2022年,47岁育龄妇女第一孩次生育率(人口抽样调查)(‰)
,年度数据,39.583333333333336,全国,2021年,47岁育龄妇女第一孩次生育率(人口抽样调查)(‰)
,年度数据,39.583333333333336,全国,2022年,48岁育龄妇女第一孩次生育率(人口抽样调查)(‰)
,年度数据,39.583333333333336,全国,2021年,48岁育龄妇女第一孩次生育率(人口抽样调查)(‰)
,年度数据,39.583333333333336,全国,2022年,49岁育龄妇女第一孩次生育率(人口抽样调查)(‰)
,年度数据,39.583333333333336,全国,2021年,49岁育龄妇女第一孩次生育率(人口抽样调查)(‰)
,年度数据,39.583333333333336,全国,2022年,15岁育龄妇女第二孩次生育率(人口抽样调查)(‰)
,年度数据,39.583333333333336,全国,2021年,15岁育龄妇女第二孩次生育率(人口抽样调查)(‰)
,年度数据,39.583333333333336,全国,2022年,16岁育龄妇女第二孩次生育率(人口抽样调查)(‰)
,年度数据,39.583333333333336,全国,2021年,16岁育龄妇女第二孩次生育率(人口抽样调查)(‰)
,年度数据,39.583333333333336,全国,2022年,17岁育龄妇女第二孩次生育率(人口抽样调查)(‰)
,年度数据,39.583333333333336,全国,2021年,17岁育龄妇女第二孩次生育率(人口抽样调查)(‰)
,年度数据,39.583333333333336,全国,2022年,18岁育龄妇女第二孩次生育率(人口抽样调查)(‰)
,年度数据,39.583333333333336,全国,2021年,18岁育龄妇女第二孩次生育率(人口抽样调查)(‰)
数值,所属栏目,排名,地区,时间,指标
,年度数据,39.583333333333336,全国,2022年,19岁育龄妇女第二孩次生育率(人口抽样调查)(‰)
,年度数据,39.583333333333336,全国,2021年,19岁育龄妇女第二孩次生育率(人口抽样调查)(‰)
,年度数据,39.583333333333336,全国,2022年,20岁育龄妇女第二孩次生育率(人口抽样调查)(‰)
,年度数据,39.583333333333336,全国,2021年,20岁育龄妇女第二孩次生育率(人口抽样调查)(‰)
,年度数据,39.583333333333336,全国,2022年,21岁育龄妇女第二孩次生育率(人口抽样调查)(‰)
,年度数据,39.583333333333336,全国,2021年,21岁育龄妇女第二孩次生育率(人口抽样调查)(‰)
,年度数据,39.583333333333336,全国,2022年,22岁育龄妇女第二孩次生育率(人口抽样调查)(‰)
,年度数据,39.583333333333336,全国,2021年,22岁育龄妇女第二孩次生育率(人口抽样调查)(‰)
,年度数据,39.583333333333336,全国,2022年,23岁育龄妇女第二孩次生育率(人口抽样调查)(‰)
,年度数据,39.583333333333336,全国,2021年,23岁育龄妇女第二孩次生育率(人口抽样调查)(‰)
,年度数据,39.583333333333336,全国,2022年,24岁育龄妇女第二孩次生育率(人口抽样调查)(‰)
,年度数据,39.583333333333336,全国,2021年,24岁育龄妇女第二孩次生育率(人口抽样调查)(‰)
,年度数据,39.583333333333336,全国,2022年,25岁育龄妇女第二孩次生育率(人口抽样调查)(‰)
,年度数据,39.583333333333336,全国,2021年,25岁育龄妇女第二孩次生育率(人口抽样调查)(‰)
,年度数据,39.583333333333336,全国,2022年,26岁育龄妇女第二孩次生育率(人口抽样调查)(‰)
,年度数据,39.583333333333336,全国,2021年,26岁育龄妇女第二孩次生育率(人口抽样调查)(‰)
,年度数据,39.583333333333336,全国,2022年,27岁育龄妇女第二孩次生育率(人口抽样调查)(‰)
,年度数据,39.583333333333336,全国,2021年,27岁育龄妇女第二孩次生育率(人口抽样调查)(‰)
,年度数据,39.583333333333336,全国,2022年,28岁育龄妇女第二孩次生育率(人口抽样调查)(‰)
,年度数据,39.583333333333336,全国,2021年,28岁育龄妇女第二孩次生育率(人口抽样调查)(‰)
数值,所属栏目,排名,地区,时间,指标
,年度数据,39.583333333333336,全国,2022年,29岁育龄妇女第二孩次生育率(人口抽样调查)(‰)
,年度数据,39.583333333333336,全国,2021年,29岁育龄妇女第二孩次生育率(人口抽样调查)(‰)
,年度数据,39.583333333333336,全国,2022年,30岁育龄妇女第二孩次生育率(人口抽样调查)(‰)
,年度数据,39.583333333333336,全国,2021年,30岁育龄妇女第二孩次生育率(人口抽样调查)(‰)
,年度数据,39.583333333333336,全国,2022年,31岁育龄妇女第二孩次生育率(人口抽样调查)(‰)
,年度数据,39.583333333333336,全国,2021年,31岁育龄妇女第二孩次生育率(人口抽样调查)(‰)
,年度数据,39.583333333333336,全国,2022年,32岁育龄妇女第二孩次生育率(人口抽样调查)(‰)
,年度数据,39.583333333333336,全国,2021年,32岁育龄妇女第二孩次生育率(人口抽样调查)(‰)
,年度数据,39.583333333333336,全国,2022年,33岁育龄妇女第二孩次生育率(人口抽样调查)(‰)
,年度数据,39.583333333333336,全国,2021年,33岁育龄妇女第二孩次生育率(人口抽样调查)(‰)
,年度数据,39.583333333333336,全国,2022年,34岁育龄妇女第二孩次生育率(人口抽样调查)(‰)
,年度数据,39.583333333333336,全国,2021年,34岁育龄妇女第二孩次生育率(人口抽样调查)(‰)
,年度数据,39.583333333333336,全国,2022年,35岁育龄妇女第二孩次生育率(人口抽样调查)(‰)
,年度数据,39.583333333333336,全国,2021年,35岁育龄妇女第二孩次生育率(人口抽样调查)(‰)
,年度数据,39.583333333333336,全国,2022年,36岁育龄妇女第二孩次生育率(人口抽样调查)(‰)
,年度数据,39.583333333333336,全国,2021年,36岁育龄妇女第二孩次生育率(人口抽样调查)(‰)
,年度数据,39.583333333333336,全国,2022年,37岁育龄妇女第二孩次生育率(人口抽样调查)(‰)
,年度数据,39.583333333333336,全国,2021年,37岁育龄妇女第二孩次生育率(人口抽样调查)(‰)
,年度数据,39.583333333333336,全国,2022年,38岁育龄妇女第二孩次生育率(人口抽样调查)(‰)
,年度数据,39.583333333333336,全国,2021年,38岁育龄妇女第二孩次生育率(人口抽样调查)(‰)
数值,所属栏目,排名,地区,时间,指标
,年度数据,39.583333333333336,全国,2022年,39岁育龄妇女第二孩次生育率(人口抽样调查)(‰)
,年度数据,39.583333333333336,全国,2021年,39岁育龄妇女第二孩次生育率(人口抽样调查)(‰)
,年度数据,39.583333333333336,全国,2022年,40岁育龄妇女第二孩次生育率(人口抽样调查)(‰)
,年度数据,39.583333333333336,全国,2021年,40岁育龄妇女第二孩次生育率(人口抽样调查)(‰)
,年度数据,39.583333333333336,全国,2022年,41岁育龄妇女第二孩次生育率(人口抽样调查)(‰)
,年度数据,39.583333333333336,全国,2021年,41岁育龄妇女第二孩次生育率(人口抽样调查)(‰)
,年度数据,39.583333333333336,全国,2022年,42岁育龄妇女第二孩次生育率(人口抽样调查)(‰)
,年度数据,39.583333333333336,全国,2021年,42岁育龄妇女第二孩次生育率(人口抽样调查)(‰)
,年度数据,39.583333333333336,全国,2022年,43岁育龄妇女第二孩次生育率(人口抽样调查)(‰)
,年度数据,39.583333333333336,全国,2021年,43岁育龄妇女第二孩次生育率(人口抽样调查)(‰)
,年度数据,39.583333333333336,全国,2022年,44岁育龄妇女第二孩次生育率(人口抽样调查)(‰)
,年度数据,39.583333333333336,全国,2021年,44岁育龄妇女第二孩次生育率(人口抽样调查)(‰)
,年度数据,39.583333333333336,全国,2022年,45岁育龄妇女第二孩次生育率(人口抽样调查)(‰)
,年度数据,39.583333333333336,全国,2021年,45岁育龄妇女第二孩次生育率(人口抽样调查)(‰)
,年度数据,39.583333333333336,全国,2022年,46岁育龄妇女第二孩次生育率(人口抽样调查)(‰)
,年度数据,39.583333333333336,全国,2021年,46岁育龄妇女第二孩次生育率(人口抽样调查)(‰)
,年度数据,39.583333333333336,全国,2022年,47岁育龄妇女第二孩次生育率(人口抽样调查)(‰)
,年度数据,39.583333333333336,全国,2021年,47岁育龄妇女第二孩次生育率(人口抽样调查)(‰)
,年度数据,39.583333333333336,全国,2022年,48岁育龄妇女第二孩次生育率(人口抽样调查)(‰)
,年度数据,39.583333333333336,全国,2021年,48岁育龄妇女第二孩次生育率(人口抽样调查)(‰)
数值,所属栏目,排名,地区,时间,指标
,年度数据,39.583333333333336,全国,2022年,49岁育龄妇女第二孩次生育率(人口抽样调查)(‰)
,年度数据,39.583333333333336,全国,2021年,49岁育龄妇女第二孩次生育率(人口抽样调查)(‰)
,年度数据,39.583333333333336,全国,2022年,15-19岁育龄妇女第一孩次生育率(人口抽样调查)(‰)
,年度数据,39.583333333333336,全国,2021年,15-19岁育龄妇女第一孩次生育率(人口抽样调查)(‰)
,年度数据,39.583333333333336,全国,2022年,20-24岁育龄妇女第一孩次生育率(人口抽样调查)(‰)
,年度数据,39.583333333333336,全国,2021年,20-24岁育龄妇女第一孩次生育率(人口抽样调查)(‰)
,年度数据,39.583333333333336,全国,2022年,25-29岁育龄妇女第一孩次生育率(人口抽样调查)(‰)
,年度数据,39.583333333333336,全国,2021年,25-29岁育龄妇女第一孩次生育率(人口抽样调查)(‰)
,年度数据,39.583333333333336,全国,2022年,30-34岁育龄妇女第一孩次生育率(人口抽样调查)(‰)
,年度数据,39.583333333333336,全国,2021年,30-34岁育龄妇女第一孩次生育率(人口抽样调查)(‰)
,年度数据,39.583333333333336,全国,2022年,35-39岁育龄妇女第一孩次生育率(人口抽样调查)(‰)
,年度数据,39.583333333333336,全国,2021年,35-39岁育龄妇女第一孩次生育率(人口抽样调查)(‰)
,年度数据,39.583333333333336,全国,2022年,40-44岁育龄妇女第一孩次生育率(人口抽样调查)(‰)
,年度数据,39.583333333333336,全国,2021年,40-44岁育龄妇女第一孩次生育率(人口抽样调查)(‰)
,年度数据,39.583333333333336,全国,2022年,45-49岁育龄妇女第一孩次生育率(人口抽样调查)(‰)
,年度数据,39.583333333333336,全国,2021年,45-49岁育龄妇女第一孩次生育率(人口抽样调查)(‰)
,年度数据,39.583333333333336,全国,2022年,15-19岁育龄妇女第二孩次生育率(人口抽样调查)(‰)
,年度数据,39.583333333333336,全国,2021年,15-19岁育龄妇女第二孩次生育率(人口抽样调查)(‰)
,年度数据,39.583333333333336,全国,2022年,20-24岁育龄妇女第二孩次生育率(人口抽样调查)(‰)
,年度数据,39.583333333333336,全国,2021年,20-24岁育龄妇女第二孩次生育率(人口抽样调查)(‰)
数值,所属栏目,排名,地区,时间,指标
,年度数据,39.583333333333336,全国,2022年,25-29岁育龄妇女第二孩次生育率(人口抽样调查)(‰)
,年度数据,39.583333333333336,全国,2021年,25-29岁育龄妇女第二孩次生育率(人口抽样调查)(‰)
,年度数据,39.583333333333336,全国,2022年,30-34岁育龄妇女第二孩次生育率(人口抽样调查)(‰)
,年度数据,39.583333333333336,全国,2021年,30-34岁育龄妇女第二孩次生育率(人口抽样调查)(‰)
,年度数据,39.583333333333336,全国,2022年,35-39岁育龄妇女第二孩次生育率(人口抽样调查)(‰)
,年度数据,39.583333333333336,全国,2021年,35-39岁育龄妇女第二孩次生育率(人口抽样调查)(‰)
,年度数据,39.583333333333336,全国,2022年,40-44岁育龄妇女第二孩次生育率(人口抽样调查)(‰)
,年度数据,39.583333333333336,全国,2021年,40-44岁育龄妇女第二孩次生育率(人口抽样调查)(‰)
,年度数据,39.583333333333336,全国,2022年,45-49岁育龄妇女第二孩次生育率(人口抽样调查)(‰)
,年度数据,39.583333333333336,全国,2021年,45-49岁育龄妇女第二孩次生育率(人口抽样调查)(‰)
,年度数据,39.583333333333336,全国,2022年,15岁育龄妇女第三孩次及以上生育率(人口抽样调查)(‰)
,年度数据,39.583333333333336,全国,2021年,15岁育龄妇女第三孩次及以上生育率(人口抽样调查)(‰)
,年度数据,39.583333333333336,全国,2022年,16岁育龄妇女第三孩次及以上生育率(人口抽样调查)(‰)
,年度数据,39.583333333333336,全国,2021年,16岁育龄妇女第三孩次及以上生育率(人口抽样调查)(‰)
,年度数据,39.583333333333336,全国,2022年,17岁育龄妇女第三孩次及以上生育率(人口抽样调查)(‰)
,年度数据,39.583333333333336,全国,2021年,17岁育龄妇女第三孩次及以上生育率(人口抽样调查)(‰)
,年度数据,39.583333333333336,全国,2022年,18岁育龄妇女第三孩次及以上生育率(人口抽样调查)(‰)
,年度数据,39.583333333333336,全国,2021年,18岁育龄妇女第三孩次及以上生育率(人口抽样调查)(‰)
,年度数据,39.583333333333336,全国,2022年,19岁育龄妇女第三孩次及以上生育率(人口抽样调查)(‰)
,年度数据,39.583333333333336,全国,2021年,19岁育龄妇女第三孩次及以上生育率(人口抽样调查)(‰)
数值,所属栏目,排名,地区,时间,指标
,年度数据,39.583333333333336,全国,2022年,20岁育龄妇女第三孩次及以上生育率(人口抽样调查)(‰)
,年度数据,39.583333333333336,全国,2021年,20岁育龄妇女第三孩次及以上生育率(人口抽样调查)(‰)
,年度数据,39.583333333333336,全国,2022年,21岁育龄妇女第三孩次及以上生育率(人口抽样调查)(‰)
,年度数据,39.583333333333336,全国,2021年,21岁育龄妇女第三孩次及以上生育率(人口抽样调查)(‰)
,年度数据,39.583333333333336,全国,2022年,22岁育龄妇女第三孩次及以上生育率(人口抽样调查)(‰)
,年度数据,39.583333333333336,全国,2021年,22岁育龄妇女第三孩次及以上生育率(人口抽样调查)(‰)
,年度数据,39.583333333333336,全国,2022年,23岁育龄妇女第三孩次及以上生育率(人口抽样调查)(‰)
,年度数据,39.583333333333336,全国,2021年,23岁育龄妇女第三孩次及以上生育率(人口抽样调查)(‰)
,年度数据,39.583333333333336,全国,2022年,24岁育龄妇女第三孩次及以上生育率(人口抽样调查)(‰)
,年度数据,39.583333333333336,全国,2021年,24岁育龄妇女第三孩次及以上生育率(人口抽样调查)(‰)
,年度数据,39.583333333333336,全国,2022年,25岁育龄妇女第三孩次及以上生育率(人口抽样调查)(‰)
,年度数据,39.583333333333336,全国,2021年,25岁育龄妇女第三孩次及以上生育率(人口抽样调查)(‰)
,年度数据,39.583333333333336,全国,2022年,26岁育龄妇女第三孩次及以上生育率(人口抽样调查)(‰)
,年度数据,39.583333333333336,全国,2021年,26岁育龄妇女第三孩次及以上生育率(人口抽样调查)(‰)
,年度数据,39.583333333333336,全国,2022年,27岁育龄妇女第三孩次及以上生育率(人口抽样调查)(‰)
,年度数据,39.583333333333336,全国,2021年,27岁育龄妇女第三孩次及以上生育率(人口抽样调查)(‰)
,年度数据,39.583333333333336,全国,2022年,28岁育龄妇女第三孩次及以上生育率(人口抽样调查)(‰)
,年度数据,39.583333333333336,全国,2021年,28岁育龄妇女第三孩次及以上生育率(人口抽样调查)(‰)
,年度数据,39.583333333333336,全国,2022年,29岁育龄妇女第三孩次及以上生育率(人口抽样调查)(‰)
,年度数据,39.583333333333336,全国,2021年,29岁育龄妇女第三孩次及以上生育率(人口抽样调查)(‰)
数值,所属栏目,排名,地区,时间,指标
,年度数据,39.583333333333336,全国,2022年,30岁育龄妇女第三孩次及以上生育率(人口抽样调查)(‰)
,年度数据,39.583333333333336,全国,2021年,30岁育龄妇女第三孩次及以上生育率(人口抽样调查)(‰)
,年度数据,39.583333333333336,全国,2022年,31岁育龄妇女第三孩次及以上生育率(人口抽样调查)(‰)
,年度数据,39.583333333333336,全国,2021年,31岁育龄妇女第三孩次及以上生育率(人口抽样调查)(‰)
,年度数据,39.583333333333336,全国,2022年,32岁育龄妇女第三孩次及以上生育率(人口抽样调查)(‰)
,年度数据,39.583333333333336,全国,2021年,32岁育龄妇女第三孩次及以上生育率(人口抽样调查)(‰)
,年度数据,39.583333333333336,全国,2022年,33岁育龄妇女第三孩次及以上生育率(人口抽样调查)(‰)
,年度数据,39.583333333333336,全国,2021年,33岁育龄妇女第三孩次及以上生育率(人口抽样调查)(‰)
,年度数据,39.583333333333336,全国,2022年,34岁育龄妇女第三孩次及以上生育率(人口抽样调查)(‰)
,年度数据,39.583333333333336,全国,2021年,34岁育龄妇女第三孩次及以上生育率(人口抽样调查)(‰)
,年度数据,39.583333333333336,全国,2022年,35岁育龄妇女第三孩次及以上生育率(人口抽样调查)(‰)
,年度数据,39.583333333333336,全国,2021年,35岁育龄妇女第三孩次及以上生育率(人口抽样调查)(‰)
,年度数据,39.583333333333336,全国,2022年,36岁育龄妇女第三孩次及以上生育率(人口抽样调查)(‰)
,年度数据,39.583333333333336,全国,2021年,36岁育龄妇女第三孩次及以上生育率(人口抽样调查)(‰)
,年度数据,39.583333333333336,全国,2022年,37岁育龄妇女第三孩次及以上生育率(人口抽样调查)(‰)
,年度数据,39.583333333333336,全国,2021年,37岁育龄妇女第三孩次及以上生育率(人口抽样调查)(‰)
,年度数据,39.583333333333336,全国,2022年,38岁育龄妇女第三孩次及以上生育率(人口抽样调查)(‰)
,年度数据,39.583333333333336,全国,2021年,38岁育龄妇女第三孩次及以上生育率(人口抽样调查)(‰)
,年度数据,39.583333333333336,全国,2022年,39岁育龄妇女第三孩次及以上生育率(人口抽样调查)(‰)
,年度数据,39.583333333333336,全国,2021年,39岁育龄妇女第三孩次及以上生育率(人口抽样调查)(‰)
数值,所属栏目,排名,地区,时间,指标
,年度数据,39.583333333333336,全国,2022年,40岁育龄妇女第三孩次及以上生育率(人口抽样调查)(‰)
,年度数据,39.583333333333336,全国,2021年,40岁育龄妇女第三孩次及以上生育率(人口抽样调查)(‰)
,年度数据,39.583333333333336,全国,2022年,41岁育龄妇女第三孩次及以上生育率(人口抽样调查)(‰)
,年度数据,39.583333333333336,全国,2021年,41岁育龄妇女第三孩次及以上生育率(人口抽样调查)(‰)
,年度数据,39.583333333333336,全国,2022年,42岁育龄妇女第三孩次及以上生育率(人口抽样调查)(‰)
,年度数据,39.583333333333336,全国,2021年,42岁育龄妇女第三孩次及以上生育率(人口抽样调查)(‰)
,年度数据,39.583333333333336,全国,2022年,43岁育龄妇女第三孩次及以上生育率(人口抽样调查)(‰)
,年度数据,39.583333333333336,全国,2021年,43岁育龄妇女第三孩次及以上生育率(人口抽样调查)(‰)
,年度数据,39.583333333333336,全国,2022年,44岁育龄妇女第三孩次及以上生育率(人口抽样调查)(‰)
,年度数据,39.583333333333336,全国,2021年,44岁育龄妇女第三孩次及以上生育率(人口抽样调查)(‰)
,年度数据,39.583333333333336,全国,2022年,45岁育龄妇女第三孩次及以上生育率(人口抽样调查)(‰)
,年度数据,39.583333333333336,全国,2021年,45岁育龄妇女第三孩次及以上生育率(人口抽样调查)(‰)
,年度数据,39.583333333333336,全国,2022年,46岁育龄妇女第三孩次及以上生育率(人口抽样调查)(‰)
,年度数据,39.583333333333336,全国,2021年,46岁育龄妇女第三孩次及以上生育率(人口抽样调查)(‰)
,年度数据,39.583333333333336,全国,2022年,47岁育龄妇女第三孩次及以上生育率(人口抽样调查)(‰)
,年度数据,39.583333333333336,全国,2021年,47岁育龄妇女第三孩次及以上生育率(人口抽样调查)(‰)
,年度数据,39.583333333333336,全国,2022年,48岁育龄妇女第三孩次及以上生育率(人口抽样调查)(‰)
,年度数据,39.583333333333336,全国,2021年,48岁育龄妇女第三孩次及以上生育率(人口抽样调查)(‰)
,年度数据,39.583333333333336,全国,2022年,49岁育龄妇女第三孩次及以上生育率(人口抽样调查)(‰)
,年度数据,39.583333333333336,全国,2021年,49岁育龄妇女第三孩次及以上生育率(人口抽样调查)(‰)
数值,所属栏目,排名,地区,时间,指标
,年度数据,39.583333333333336,全国,2022年,15-19岁育龄妇女第三孩次及以上生育率(人口抽样调查)(‰)
,年度数据,39.583333333333336,全国,2021年,15-19岁育龄妇女第三孩次及以上生育率(人口抽样调查)(‰)
,年度数据,39.583333333333336,全国,2022年,20-24岁育龄妇女第三孩次及以上生育率(人口抽样调查)(‰)
,年度数据,39.583333333333336,全国,2021年,20-24岁育龄妇女第三孩次及以上生育率(人口抽样调查)(‰)
,年度数据,39.583333333333336,全国,2022年,25-29岁育龄妇女第三孩次及以上生育率(人口抽样调查)(‰)
,年度数据,39.583333333333336,全国,2021年,25-29岁育龄妇女第三孩次及以上生育率(人口抽样调查)(‰)
,年度数据,39.583333333333336,全国,2022年,30-34岁育龄妇女第三孩次及以上生育率(人口抽样调查)(‰)
,年度数据,39.583333333333336,全国,2021年,30-34岁育龄妇女第三孩次及以上生育率(人口抽样调查)(‰)
,年度数据,39.583333333333336,全国,2022年,35-39岁育龄妇女第三孩次及以上生育率(人口抽样调查)(‰)
,年度数据,39.583333333333336,全国,2021年,35-39岁育龄妇女第三孩次及以上生育率(人口抽样调查)(‰)
,年度数据,39.583333333333336,全国,2022年,40-44岁育龄妇女第三孩次及以上生育率(人口抽样调查)(‰)
,年度数据,39.583333333333336,全国,2021年,40-44岁育龄妇女第三孩次及以上生育率(人口抽样调查)(‰)
,年度数据,39.583333333333336,全国,2022年,45-49岁育龄妇女第三孩次及以上生育率(人口抽样调查)(‰)
,年度数据,39.583333333333336,全国,2021年,45-49岁育龄妇女第三孩次及以上生育率(人口抽样调查)(‰)
141175,年度数据,27.5,全国,2022年,年末总人口(万人)
141260,年度数据,27.5,全国,2021年,年末总人口(万人)
141175,年度数据,27.5,全国,2022年,年末总人口(万人)
141260,年度数据,27.5,全国,2021年,年末总人口(万人)
,主要城市年度数据,27.5,北京,2022年,年末户籍人口(万人)
,主要城市年度数据,27.5,北京,2021年,年末户籍人口(万人)
数值,所属栏目,排名,地区,时间,指标
92071,年度数据,27.041666666666668,全国,2022年,城镇人口(万人)
91425,年度数据,27.041666666666668,全国,2021年,城镇人口(万人)
49104,年度数据,26.583333333333336,全国,2022年,乡村人口(万人)
49835,年度数据,26.583333333333336,全国,2021年,乡村人口(万人)
,年度数据,26.583333333333336,全国,2022年,乡村人口(万人)
,年度数据,26.583333333333336,全国,2021年,乡村人口(万人)
,年度数据,22.916666666666668,全国,2022年,人口普查总人口(万人)
,年度数据,22.916666666666668,全国,2021年,人口普查总人口(万人)
,年度数据,22.916666666666668,全国,2022年,人口普查男性人口数(万人)
,年度数据,22.916666666666668,全国,2021年,人口普查男性人口数(万人)
,年度数据,22.916666666666668,全国,2022年,人口普查女性人口数(万人)
,年度数据,22.916666666666668,全国,2021年,人口普查女性人口数(万人)
,年度数据,22.916666666666668,全国,2022年,人口普查城镇人口数(万人)
,年度数据,22.916666666666668,全国,2021年,人口普查城镇人口数(万人)
,年度数据,22.916666666666668,全国,2022年,人口普查乡村人口数(万人)
,年度数据,22.916666666666668,全国,2021年,人口普查乡村人口数(万人)
,年度数据,22.916666666666668,全国,2022年,人口普查家庭户规模(人/户)
,年度数据,22.916666666666668,全国,2021年,人口普查家庭户规模(人/户)
,年度数据,22.916666666666668,全国,2022年,人口普查汉族人口数(万人)
,年度数据,22.916666666666668,全国,2021年,人口普查汉族人口数(万人)
数值,所属栏目,排名,地区,时间,指标
,年度数据,22.916666666666668,全国,2022年,人口普查文盲人口数(万人)
,年度数据,22.916666666666668,全国,2021年,人口普查文盲人口数(万人)
,年度数据,22.916666666666668,全国,2022年,人口普查平均预期寿命(岁)
,年度数据,22.916666666666668,全国,2021年,人口普查平均预期寿命(岁)
,年度数据,22.916666666666668,全国,2022年,新生儿破伤风发病人数(人)
23.00,年度数据,22.916666666666668,全国,2021年,新生儿破伤风发病人数(人)
,年度数据,22.916666666666668,全国,2022年,新生儿破伤风死亡人数(人)
1.00,年度数据,22.916666666666668,全国,2021年,新生儿破伤风死亡人数(人)
,年度数据,22.916666666666668,全国,2022年,涉外出生公证办证件数(件)
,年度数据,22.916666666666668,全国,2021年,涉外出生公证办证件数(件)
,年度数据,22.916666666666668,全国,2022年,人口普查少数民族人口数(万人)
,年度数据,22.916666666666668,全国,2021年,人口普查少数民族人口数(万人)
,年度数据,22.916666666666668,全国,2022年,人口数(人口抽样调查)(人)
1494054,年度数据,22.916666666666668,全国,2021年,人口数(人口抽样调查)(人)
,年度数据,22.916666666666668,全国,2022年,人口数(人口抽样调查)(人)
1494054,年度数据,22.916666666666668,全国,2021年,人口数(人口抽样调查)(人)
,年度数据,22.916666666666668,全国,2022年,人口数(人口抽样调查)(人)
1494054,年度数据,22.916666666666668,全国,2021年,人口数(人口抽样调查)(人)
,年度数据,22.916666666666668,全国,2022年,人口普查男性平均预期寿命(岁)
,年度数据,22.916666666666668,全国,2021年,人口普查男性平均预期寿命(岁)
数值,所属栏目,排名,地区,时间,指标
,年度数据,22.916666666666668,全国,2022年,人口普查女性平均预期寿命(岁)
,年度数据,22.916666666666668,全国,2021年,人口普查女性平均预期寿命(岁)
,年度数据,22.916666666666668,全国,2022年,人口普查每十万人口中受初中教育人口数(人)
,年度数据,22.916666666666668,全国,2021年,人口普查每十万人口中受初中教育人口数(人)
,年度数据,22.916666666666668,全国,2022年,人口普查每十万人口中受小学教育人口数(人)
,年度数据,22.916666666666668,全国,2021年,人口普查每十万人口中受小学教育人口数(人)
,年度数据,22.916666666666668,全国,2022年,人口普查每十万人口中受大专及以上教育人口数(人)
,年度数据,22.916666666666668,全国,2021年,人口普查每十万人口中受大专及以上教育人口数(人)
,年度数据,22.916666666666668,全国,2022年,人口普查每十万人口中受高中和中专教育人口数(人)
,年度数据,22.916666666666668,全国,2021年,人口普查每十万人口中受高中和中专教育人口数(人)
,年度数据,22.916666666666668,全国,2022年,回族人口数(人)
,年度数据,22.916666666666668,全国,2021年,回族人口数(人)
,年度数据,22.916666666666668,全国,2022年,藏族人口数(人)
,年度数据,22.916666666666668,全国,2021年,藏族人口数(人)
,年度数据,22.916666666666668,全国,2022年,苗族人口数(人)
,年度数据,22.916666666666668,全国,2021年,苗族人口数(人)
,年度数据,22.916666666666668,全国,2022年,彝族人口数(人)
,年度数据,22.916666666666668,全国,2021年,彝族人口数(人)
,年度数据,22.916666666666668,全国,2022年,壮族人口数(人)
,年度数据,22.916666666666668,全国,2021年,壮族人口数(人)
数值,所属栏目,排名,地区,时间,指标
,年度数据,22.916666666666668,全国,2022年,满族人口数(人)
,年度数据,22.916666666666668,全国,2021年,满族人口数(人)
,年度数据,22.916666666666668,全国,2022年,侗族人口数(人)
,年度数据,22.916666666666668,全国,2021年,侗族人口数(人)
,年度数据,22.916666666666668,全国,2022年,瑶族人口数(人)
,年度数据,22.916666666666668,全国,2021年,瑶族人口数(人)
,年度数据,22.916666666666668,全国,2022年,白族人口数(人)
,年度数据,22.916666666666668,全国,2021年,白族人口数(人)
,年度数据,22.916666666666668,全国,2022年,傣族人口数(人)
,年度数据,22.916666666666668,全国,2021年,傣族人口数(人)
,年度数据,22.916666666666668,全国,2022年,黎族人口数(人)
,年度数据,22.916666666666668,全国,2021年,黎族人口数(人)
,年度数据,22.916666666666668,全国,2022年,佤族人口数(人)
,年度数据,22.916666666666668,全国,2021年,佤族人口数(人)
,年度数据,22.916666666666668,全国,2022年,畲族人口数(人)
,年度数据,22.916666666666668,全国,2021年,畲族人口数(人)
,年度数据,22.916666666666668,全国,2022年,水族人口数(人)
,年度数据,22.916666666666668,全国,2021年,水族人口数(人)
,年度数据,22.916666666666668,全国,2022年,土族人口数(人)
,年度数据,22.916666666666668,全国,2021年,土族人口数(人)
数值,所属栏目,排名,地区,时间,指标
,年度数据,22.916666666666668,全国,2022年,羌族人口数(人)
,年度数据,22.916666666666668,全国,2021年,羌族人口数(人)
,年度数据,22.916666666666668,全国,2022年,怒族人口数(人)
,年度数据,22.916666666666668,全国,2021年,怒族人口数(人)
,年度数据,22.916666666666668,全国,2022年,京族人口数(人)
,年度数据,22.916666666666668,全国,2021年,京族人口数(人)
,年度数据,22.916666666666668,全国,2022年,蒙古族人口数(人)
,年度数据,22.916666666666668,全国,2021年,蒙古族人口数(人)
,年度数据,22.916666666666668,全国,2022年,布依族人口数(人)
,年度数据,22.916666666666668,全国,2021年,布依族人口数(人)
,年度数据,22.916666666666668,全国,2022年,朝鲜族人口数(人)
,年度数据,22.916666666666668,全国,2021年,朝鲜族人口数(人)
,年度数据,22.916666666666668,全国,2022年,土家族人口数(人)
,年度数据,22.916666666666668,全国,2021年,土家族人口数(人)
,年度数据,22.916666666666668,全国,2022年,哈尼族人口数(人)
,年度数据,22.916666666666668,全国,2021年,哈尼族人口数(人)
,年度数据,22.916666666666668,全国,2022年,傈僳族人口数(人)
,年度数据,22.916666666666668,全国,2021年,傈僳族人口数(人)
,年度数据,22.916666666666668,全国,2022年,高山族人口数(人)
,年度数据,22.916666666666668,全国,2021年,高山族人口数(人)
数值,所属栏目,排名,地区,时间,指标
,年度数据,22.916666666666668,全国,2022年,拉祜族人口数(人)
,年度数据,22.916666666666668,全国,2021年,拉祜族人口数(人)
,年度数据,22.916666666666668,全国,2022年,东乡族人口数(人)
,年度数据,22.916666666666668,全国,2021年,东乡族人口数(人)
,年度数据,22.916666666666668,全国,2022年,纳西族人口数(人)
,年度数据,22.916666666666668,全国,2021年,纳西族人口数(人)
,年度数据,22.916666666666668,全国,2022年,景颇族人口数(人)
,年度数据,22.916666666666668,全国,2021年,景颇族人口数(人)
,年度数据,22.916666666666668,全国,2022年,仫佬族人口数(人)
,年度数据,22.916666666666668,全国,2021年,仫佬族人口数(人)
,年度数据,22.916666666666668,全国,2022年,布朗族人口数(人)
,年度数据,22.916666666666668,全国,2021年,布朗族人口数(人)
,年度数据,22.916666666666668,全国,2022年,撒拉族人口数(人)
,年度数据,22.916666666666668,全国,2021年,撒拉族人口数(人)
,年度数据,22.916666666666668,全国,2022年,毛南族人口数(人)
,年度数据,22.916666666666668,全国,2021年,毛南族人口数(人)
,年度数据,22.916666666666668,全国,2022年,仡佬族人口数(人)
,年度数据,22.916666666666668,全国,2021年,仡佬族人口数(人)
,年度数据,22.916666666666668,全国,2022年,锡伯族人口数(人)
,年度数据,22.916666666666668,全国,2021年,锡伯族人口数(人)
数值,所属栏目,排名,地区,时间,指标
,年度数据,22.916666666666668,全国,2022年,阿昌族人口数(人)
,年度数据,22.916666666666668,全国,2021年,阿昌族人口数(人)
,年度数据,22.916666666666668,全国,2022年,普米族人口数(人)
,年度数据,22.916666666666668,全国,2021年,普米族人口数(人)
,年度数据,22.916666666666668,全国,2022年,德昂族人口数(人)
,年度数据,22.916666666666668,全国,2021年,德昂族人口数(人)
,年度数据,22.916666666666668,全国,2022年,保安族人口数(人)
,年度数据,22.916666666666668,全国,2021年,保安族人口数(人)
,年度数据,22.916666666666668,全国,2022年,裕固族人口数(人)
,年度数据,22.916666666666668,全国,2021年,裕固族人口数(人)
,年度数据,22.916666666666668,全国,2022年,独龙族人口数(人)
,年度数据,22.916666666666668,全国,2021年,独龙族人口数(人)
,年度数据,22.916666666666668,全国,2022年,赫哲族人口数(人)
,年度数据,22.916666666666668,全国,2021年,赫哲族人口数(人)
,年度数据,22.916666666666668,全国,2022年,门巴族人口数(人)
,年度数据,22.916666666666668,全国,2021年,门巴族人口数(人)
,年度数据,22.916666666666668,全国,2022年,珞巴族人口数(人)
,年度数据,22.916666666666668,全国,2021年,珞巴族人口数(人)
,年度数据,22.916666666666668,全国,2022年,基诺族人口数(人)
,年度数据,22.916666666666668,全国,2021年,基诺族人口数(人)
数值,所属栏目,排名,地区,时间,指标
,年度数据,22.916666666666668,全国,2022年,城市人口密度(人/平方公里)
2868.39,年度数据,22.916666666666668,全国,2021年,城市人口密度(人/平方公里)
,年度数据,22.916666666666668,全国,2022年,维吾尔族人口数(人)
,年度数据,22.916666666666668,全国,2021年,维吾尔族人口数(人)
,年度数据,22.916666666666668,全国,2022年,哈萨克族人口数(人)
,年度数据,22.916666666666668,全国,2021年,哈萨克族人口数(人)
,年度数据,22.916666666666668,全国,2022年,达斡尔族人口数(人)
,年度数据,22.916666666666668,全国,2021年,达斡尔族人口数(人)
,年度数据,22.916666666666668,全国,2022年,塔吉克族人口数(人)
,年度数据,22.916666666666668,全国,2021年,塔吉克族人口数(人)
,年度数据,22.916666666666668,全国,2022年,俄罗斯族人口数(人)
,年度数据,22.916666666666668,全国,2021年,俄罗斯族人口数(人)
,年度数据,22.916666666666668,全国,2022年,鄂温克族人口数(人)
,年度数据,22.916666666666668,全国,2021年,鄂温克族人口数(人)
,年度数据,22.916666666666668,全国,2022年,塔塔尔族人口数(人)
,年度数据,22.916666666666668,全国,2021年,塔塔尔族人口数(人)
,年度数据,22.916666666666668,全国,2022年,鄂伦春族人口数(人)
,年度数据,22.916666666666668,全国,2021年,鄂伦春族人口数(人)
,年度数据,22.916666666666668,全国,2022年,柯尔克孜族人口数(人)
,年度数据,22.916666666666668,全国,2021年,柯尔克孜族人口数(人)
数值,所属栏目,排名,地区,时间,指标
,年度数据,22.916666666666668,全国,2022年,乌孜别克族人口数(人)
,年度数据,22.916666666666668,全国,2021年,乌孜别克族人口数(人)
72206,年度数据,22.916666666666668,全国,2022年,男性人口(万人)
72311,年度数据,22.916666666666668,全国,2021年,男性人口(万人)
68969,年度数据,22.916666666666668,全国,2022年,女性人口(万人)
68949,年度数据,22.916666666666668,全国,2021年,女性人口(万人)
,年度数据,22.916666666666668,全国,2022年,用水人口(万人)
55580.86,年度数据,22.916666666666668,全国,2021年,用水人口(万人)
,年度数据,22.916666666666668,全国,2022年,0-14岁人口(万人)
24678,年度数据,22.916666666666668,全国,2021年,0-14岁人口(万人)
,年度数据,22.916666666666668,全国,2022年,15-64岁人口(万人)
96526,年度数据,22.916666666666668,全国,2021年,15-64岁人口(万人)
20978,年度数据,22.916666666666668,全国,2022年,65岁及以上人口(万人)
20056,年度数据,22.916666666666668,全国,2021年,65岁及以上人口(万人)
,年度数据,22.916666666666668,全国,2022年,每千人口社会服务床位数(张)
,年度数据,22.916666666666668,全国,2021年,每千人口社会服务床位数(张)
,年度数据,22.916666666666668,全国,2022年,每万人口受理案件数合计(起/万人)
64.2,年度数据,22.916666666666668,全国,2021年,每万人口受理案件数合计(起/万人)
,年度数据,22.916666666666668,全国,2022年,每万人口受理盗窃案件数(起/万人)
16.6,年度数据,22.916666666666668,全国,2021年,每万人口受理盗窃案件数(起/万人)
数值,所属栏目,排名,地区,时间,指标
,年度数据,22.916666666666668,全国,2022年,每万人口受理抢夺案件数(起/万人)
0.0,年度数据,22.916666666666668,全国,2021年,每万人口受理抢夺案件数(起/万人)
,年度数据,22.916666666666668,全国,2022年,每万人口受理诈骗案件数(起/万人)
4.7,年度数据,22.916666666666668,全国,2021年,每万人口受理诈骗案件数(起/万人)
,年度数据,22.916666666666668,全国,2022年,每万人口受理赌博案件数(起/万人)
2.0,年度数据,22.916666666666668,全国,2021年,每万人口受理赌博案件数(起/万人)
,年度数据,22.916666666666668,全国,2022年,男性人口数(人口抽样调查)(人)
763842,年度数据,22.916666666666668,全国,2021年,男性人口数(人口抽样调查)(人)
,年度数据,22.916666666666668,全国,2022年,女性人口数(人口抽样调查)(人)
730212,年度数据,22.916666666666668,全国,2021年,女性人口数(人口抽样调查)(人)
,年度数据,22.916666666666668,全国,2022年,男性人口数(人口抽样调查)(人)
763842,年度数据,22.916666666666668,全国,2021年,男性人口数(人口抽样调查)(人)
,年度数据,22.916666666666668,全国,2022年,女性人口数(人口抽样调查)(人)
730212,年度数据,22.916666666666668,全国,2021年,女性人口数(人口抽样调查)(人)
,年度数据,22.916666666666668,全国,2022年,每十万人口小学平均在校生数(人)
7634,年度数据,22.916666666666668,全国,2021年,每十万人口小学平均在校生数(人)
,年度数据,22.916666666666668,全国,2022年,每万人口受理寻衅滋事案件数(起/万人)
0.8,年度数据,22.916666666666668,全国,2021年,每万人口受理寻衅滋事案件数(起/万人)
,年度数据,22.916666666666668,全国,2022年,每万人口受理殴打他人案件数(起/万人)
16.4,年度数据,22.916666666666668,全国,2021年,每万人口受理殴打他人案件数(起/万人)
数值,所属栏目,排名,地区,时间,指标
,年度数据,22.916666666666668,全国,2022年,每万人口受理故意伤害案件数(起/万人)
0.8,年度数据,22.916666666666668,全国,2021年,每万人口受理故意伤害案件数(起/万人)
,年度数据,22.916666666666668,全国,2022年,每万人口受理敲诈勒索案件数(起/万人)
0.4,年度数据,22.916666666666668,全国,2021年,每万人口受理敲诈勒索案件数(起/万人)
,年度数据,22.916666666666668,全国,2022年,家庭户人口数(人口抽样调查)(人)
1412402,年度数据,22.916666666666668,全国,2021年,家庭户人口数(人口抽样调查)(人)
,年度数据,22.916666666666668,全国,2022年,集体户人口数(人口抽样调查)(人)
81652,年度数据,22.916666666666668,全国,2021年,集体户人口数(人口抽样调查)(人)
,年度数据,22.916666666666668,全国,2022年,每十万人口幼儿园平均在校生数(人)
3403,年度数据,22.916666666666668,全国,2021年,每十万人口幼儿园平均在校生数(人)
,年度数据,22.916666666666668,全国,2022年,每万人口受理卖淫、嫖娼案件数(起/万人)
1.0,年度数据,22.916666666666668,全国,2021年,每万人口受理卖淫、嫖娼案件数(起/万人)
,年度数据,22.916666666666668,全国,2022年,0-4岁人口数(人口抽样调查)(人)
72978,年度数据,22.916666666666668,全国,2021年,0-4岁人口数(人口抽样调查)(人)
,年度数据,22.916666666666668,全国,2022年,5-9岁人口数(人口抽样调查)(人)
96094,年度数据,22.916666666666668,全国,2021年,5-9岁人口数(人口抽样调查)(人)
,年度数据,22.916666666666668,全国,2022年,每十万人口初中阶段平均在校生数(人)
3554,年度数据,22.916666666666668,全国,2021年,每十万人口初中阶段平均在校生数(人)
,年度数据,22.916666666666668,全国,2022年,每十万人口高中阶段平均在校生数(人)
2774,年度数据,22.916666666666668,全国,2021年,每十万人口高中阶段平均在校生数(人)
数值,所属栏目,排名,地区,时间,指标
,年度数据,22.916666666666668,全国,2022年,每十万人口高等学校平均在校生数(人)
3301,年度数据,22.916666666666668,全国,2021年,每十万人口高等学校平均在校生数(人)
,年度数据,22.916666666666668,全国,2022年,每万人口受理扰乱单位秩序案件数(起/万人)
0.3,年度数据,22.916666666666668,全国,2021年,每万人口受理扰乱单位秩序案件数(起/万人)
,年度数据,22.916666666666668,全国,2022年,每万人口受理阻碍执行职务案件数(起/万人)
0.2,年度数据,22.916666666666668,全国,2021年,每万人口受理阻碍执行职务案件数(起/万人)
,年度数据,22.916666666666668,全国,2022年,每万人口受理毒品违法活动案件数(起/万人)
1.7,年度数据,22.916666666666668,全国,2021年,每万人口受理毒品违法活动案件数(起/万人)
,年度数据,22.916666666666668,全国,2022年,每万人口受理其他治安案件案件数(起/万人)
16.1,年度数据,22.916666666666668,全国,2021年,每万人口受理其他治安案件案件数(起/万人)
,年度数据,22.916666666666668,全国,2022年,95岁以上人口数(人口抽样调查)(人)
871,年度数据,22.916666666666668,全国,2021年,95岁以上人口数(人口抽样调查)(人)
,年度数据,22.916666666666668,全国,2022年,0-14岁人口数(人口抽样调查)(人)
261376,年度数据,22.916666666666668,全国,2021年,0-14岁人口数(人口抽样调查)(人)
,年度数据,22.916666666666668,全国,2022年,每万人口受理违反旅馆业管理案件数(起/万人)
0.5,年度数据,22.916666666666668,全国,2021年,每万人口受理违反旅馆业管理案件数(起/万人)
,年度数据,22.916666666666668,全国,2022年,10-14岁人口数(人口抽样调查)(人)
92304,年度数据,22.916666666666668,全国,2021年,10-14岁人口数(人口抽样调查)(人)
,年度数据,22.916666666666668,全国,2022年,15-19岁人口数(人口抽样调查)(人)
79414,年度数据,22.916666666666668,全国,2021年,15-19岁人口数(人口抽样调查)(人)
数值,所属栏目,排名,地区,时间,指标
,年度数据,22.916666666666668,全国,2022年,20-24岁人口数(人口抽样调查)(人)
77256,年度数据,22.916666666666668,全国,2021年,20-24岁人口数(人口抽样调查)(人)
,年度数据,22.916666666666668,全国,2022年,25-29岁人口数(人口抽样调查)(人)
91729,年度数据,22.916666666666668,全国,2021年,25-29岁人口数(人口抽样调查)(人)
,年度数据,22.916666666666668,全国,2022年,30-34岁人口数(人口抽样调查)(人)
128056,年度数据,22.916666666666668,全国,2021年,30-34岁人口数(人口抽样调查)(人)
,年度数据,22.916666666666668,全国,2022年,35-39岁人口数(人口抽样调查)(人)
109171,年度数据,22.916666666666668,全国,2021年,35-39岁人口数(人口抽样调查)(人)
,年度数据,22.916666666666668,全国,2022年,40-44岁人口数(人口抽样调查)(人)
98023,年度数据,22.916666666666668,全国,2021年,40-44岁人口数(人口抽样调查)(人)
,年度数据,22.916666666666668,全国,2022年,45-49岁人口数(人口抽样调查)(人)
114545,年度数据,22.916666666666668,全国,2021年,45-49岁人口数(人口抽样调查)(人)
,年度数据,22.916666666666668,全国,2022年,50-54岁人口数(人口抽样调查)(人)
129319,年度数据,22.916666666666668,全国,2021年,50-54岁人口数(人口抽样调查)(人)
,年度数据,22.916666666666668,全国,2022年,55-59岁人口数(人口抽样调查)(人)
121989,年度数据,22.916666666666668,全国,2021年,55-59岁人口数(人口抽样调查)(人)
,年度数据,22.916666666666668,全国,2022年,60-64岁人口数(人口抽样调查)(人)
70755,年度数据,22.916666666666668,全国,2021年,60-64岁人口数(人口抽样调查)(人)
,年度数据,22.916666666666668,全国,2022年,65-69岁人口数(人口抽样调查)(人)
81345,年度数据,22.916666666666668,全国,2021年,65-69岁人口数(人口抽样调查)(人)
数值,所属栏目,排名,地区,时间,指标
,年度数据,22.916666666666668,全国,2022年,70-74岁人口数(人口抽样调查)(人)
56208,年度数据,22.916666666666668,全国,2021年,70-74岁人口数(人口抽样调查)(人)
,年度数据,22.916666666666668,全国,2022年,75-79岁人口数(人口抽样调查)(人)
34886,年度数据,22.916666666666668,全国,2021年,75-79岁人口数(人口抽样调查)(人)
,年度数据,22.916666666666668,全国,2022年,80-84岁人口数(人口抽样调查)(人)
22543,年度数据,22.916666666666668,全国,2021年,80-84岁人口数(人口抽样调查)(人)
,年度数据,22.916666666666668,全国,2022年,85-89岁人口数(人口抽样调查)(人)
12317,年度数据,22.916666666666668,全国,2021年,85-89岁人口数(人口抽样调查)(人)
,年度数据,22.916666666666668,全国,2022年,90-94岁人口数(人口抽样调查)(人)
4249,年度数据,22.916666666666668,全国,2021年,90-94岁人口数(人口抽样调查)(人)
,年度数据,22.916666666666668,全国,2022年,15-64岁人口数(人口抽样调查)(人)
1020258,年度数据,22.916666666666668,全国,2021年,15-64岁人口数(人口抽样调查)(人)
,年度数据,22.916666666666668,全国,2022年,65岁及以上人口数(人口抽样调查)(人)
212419,年度数据,22.916666666666668,全国,2021年,65岁及以上人口数(人口抽样调查)(人)
,年度数据,22.916666666666668,全国,2022年,15岁及以上人口数(人口抽样调查)(人)
1232677,年度数据,22.916666666666668,全国,2021年,15岁及以上人口数(人口抽样调查)(人)
,年度数据,22.916666666666668,全国,2022年,15岁及以上人口数(人口抽样调查)(人)
1232677,年度数据,22.916666666666668,全国,2021年,15岁及以上人口数(人口抽样调查)(人)
,年度数据,22.916666666666668,全国,2022年,每万人口受理扰乱公共场所秩序案件数(起/万人)
1.2,年度数据,22.916666666666668,全国,2021年,每万人口受理扰乱公共场所秩序案件数(起/万人)
数值,所属栏目,排名,地区,时间,指标
,年度数据,22.916666666666668,全国,2022年,每万人口受理违反房屋出租管理案件数(起/万人)
0.9,年度数据,22.916666666666668,全国,2021年,每万人口受理违反房屋出租管理案件数(起/万人)
,年度数据,22.916666666666668,全国,2022年,6岁及6岁以上人口数(人口抽样调查)(人)
1402340,年度数据,22.916666666666668,全国,2021年,6岁及6岁以上人口数(人口抽样调查)(人)
,年度数据,22.916666666666668,全国,2022年,每万人口受理盗窃、损毁公共设施案件数(起/万人)
0.1,年度数据,22.916666666666668,全国,2021年,每万人口受理盗窃、损毁公共设施案件数(起/万人)
,年度数据,22.916666666666668,全国,2022年,15岁及以上丧偶人口数(人口抽样调查)(人)
69725,年度数据,22.916666666666668,全国,2021年,15岁及以上丧偶人口数(人口抽样调查)(人)
,年度数据,22.916666666666668,全国,2022年,每万人口受理违反危险物质管理规定案件数(起/万人)
0.3,年度数据,22.916666666666668,全国,2021年,每万人口受理违反危险物质管理规定案件数(起/万人)
,年度数据,22.916666666666668,全国,2022年,每万人口受理非法携带枪支、弹药、管制工具案件数(起/万人)
0.2,年度数据,22.916666666666668,全国,2021年,每万人口受理非法携带枪支、弹药、管制工具案件数(起/万人)
,年度数据,22.916666666666668,全国,2022年,每万人口受理伪造、变造、倒卖有价票证、凭证案件数(起/万人)
0.0,年度数据,22.916666666666668,全国,2021年,每万人口受理伪造、变造、倒卖有价票证、凭证案件数(起/万人)
,年度数据,22.916666666666668,全国,2022年,天然气用气人口(万人)
44195.53,年度数据,22.916666666666668,全国,2021年,天然气用气人口(万人)
,年度数据,22.916666666666668,全国,2022年,自然灾害受灾人口(万人次)
10731.0,年度数据,22.916666666666668,全国,2021年,自然灾害受灾人口(万人次)
,年度数据,22.916666666666668,全国,2022年,总户数(人口抽样调查)(户)
528365,年度数据,22.916666666666668,全国,2021年,总户数(人口抽样调查)(户)
数值,所属栏目,排名,地区,时间,指标
,年度数据,22.916666666666668,全国,2022年,家庭户户数(人口抽样调查)(户)
510132,年度数据,22.916666666666668,全国,2021年,家庭户户数(人口抽样调查)(户)
,年度数据,22.916666666666668,全国,2022年,集体户户数(人口抽样调查)(户)
18233,年度数据,22.916666666666668,全国,2021年,集体户户数(人口抽样调查)(户)
,年度数据,22.916666666666668,全国,2022年,家庭户户数(人口抽样调查)(户)
510132,年度数据,22.916666666666668,全国,2021年,家庭户户数(人口抽样调查)(户)
,年度数据,22.916666666666668,全国,2022年,15岁及以上文盲人口数(人口抽样调查)(人)
39531,年度数据,22.916666666666668,全国,2021年,15岁及以上文盲人口数(人口抽样调查)(人)
,年度数据,22.916666666666668,全国,2022年,15岁及以上有配偶人口数(人口抽样调查)(人)
895198,年度数据,22.916666666666668,全国,2021年,15岁及以上有配偶人口数(人口抽样调查)(人)
,年度数据,22.916666666666668,全国,2022年,城市天然气用气人口(万人)
44195.53,年度数据,22.916666666666668,全国,2021年,城市天然气用气人口(万人)
,年度数据,22.916666666666668,全国,2022年,民族自治地方总人口数(万人)
,年度数据,22.916666666666668,全国,2021年,民族自治地方总人口数(万人)
,年度数据,22.916666666666668,全国,2022年,自然灾害受灾死亡人口(人)
867,年度数据,22.916666666666668,全国,2021年,自然灾害受灾死亡人口(人)
,年度数据,22.916666666666668,全国,2022年,民族自治地方少数民族人口数(万人)
,年度数据,22.916666666666668,全国,2021年,民族自治地方少数民族人口数(万人)
,年度数据,22.916666666666668,全国,2022年,每万农业人口乡镇卫生院床位数(张)
,年度数据,22.916666666666668,全国,2021年,每万农业人口乡镇卫生院床位数(张)
数值,所属栏目,排名,地区,时间,指标
,年度数据,22.916666666666668,全国,2022年,家庭户男性人口数(人口抽样调查)(人)
717732,年度数据,22.916666666666668,全国,2021年,家庭户男性人口数(人口抽样调查)(人)
,年度数据,22.916666666666668,全国,2022年,家庭户女性人口数(人口抽样调查)(人)
694670,年度数据,22.916666666666668,全国,2021年,家庭户女性人口数(人口抽样调查)(人)
,年度数据,22.916666666666668,全国,2022年,集体户男性人口数(人口抽样调查)(人)
46110,年度数据,22.916666666666668,全国,2021年,集体户男性人口数(人口抽样调查)(人)
,年度数据,22.916666666666668,全国,2022年,集体户女性人口数(人口抽样调查)(人)
35542,年度数据,22.916666666666668,全国,2021年,集体户女性人口数(人口抽样调查)(人)
,年度数据,22.916666666666668,全国,2022年,一人户家庭户户数(人口抽样调查)(户)
86969,年度数据,22.916666666666668,全国,2021年,一人户家庭户户数(人口抽样调查)(户)
,年度数据,22.916666666666668,全国,2022年,二人户家庭户户数(人口抽样调查)(户)
124057,年度数据,22.916666666666668,全国,2021年,二人户家庭户户数(人口抽样调查)(户)
,年度数据,22.916666666666668,全国,2022年,三人户家庭户户数(人口抽样调查)(户)
110090,年度数据,22.916666666666668,全国,2021年,三人户家庭户户数(人口抽样调查)(户)
,年度数据,22.916666666666668,全国,2022年,四人户家庭户户数(人口抽样调查)(户)
94679,年度数据,22.916666666666668,全国,2021年,四人户家庭户户数(人口抽样调查)(户)
,年度数据,22.916666666666668,全国,2022年,五人户家庭户户数(人口抽样调查)(户)
48583,年度数据,22.916666666666668,全国,2021年,五人户家庭户户数(人口抽样调查)(户)
,年度数据,22.916666666666668,全国,2022年,六人户家庭户户数(人口抽样调查)(户)
28556,年度数据,22.916666666666668,全国,2021年,六人户家庭户户数(人口抽样调查)(户)
数值,所属栏目,排名,地区,时间,指标
,年度数据,22.916666666666668,全国,2022年,七人户家庭户户数(人口抽样调查)(户)
10154,年度数据,22.916666666666668,全国,2021年,七人户家庭户户数(人口抽样调查)(户)
,年度数据,22.916666666666668,全国,2022年,八人户家庭户户数(人口抽样调查)(户)
3742,年度数据,22.916666666666668,全国,2021年,八人户家庭户户数(人口抽样调查)(户)
,年度数据,22.916666666666668,全国,2022年,九人户家庭户户数(人口抽样调查)(户)
1648,年度数据,22.916666666666668,全国,2021年,九人户家庭户户数(人口抽样调查)(户)
,年度数据,22.916666666666668,全国,2022年,0-4岁男性人口数(人口抽样调查)(人)
38288,年度数据,22.916666666666668,全国,2021年,0-4岁男性人口数(人口抽样调查)(人)
,年度数据,22.916666666666668,全国,2022年,5-9岁男性人口数(人口抽样调查)(人)
50970,年度数据,22.916666666666668,全国,2021年,5-9岁男性人口数(人口抽样调查)(人)
,年度数据,22.916666666666668,全国,2022年,0-4岁女性人口数(人口抽样调查)(人)
34690,年度数据,22.916666666666668,全国,2021年,0-4岁女性人口数(人口抽样调查)(人)
,年度数据,22.916666666666668,全国,2022年,5-9岁女性人口数(人口抽样调查)(人)
45124,年度数据,22.916666666666668,全国,2021年,5-9岁女性人口数(人口抽样调查)(人)
,年度数据,22.916666666666668,全国,2022年,95岁以上男性人口数(人口抽样调查)(人)
263,年度数据,22.916666666666668,全国,2021年,95岁以上男性人口数(人口抽样调查)(人)
,年度数据,22.916666666666668,全国,2022年,95岁以上女性人口数(人口抽样调查)(人)
608,年度数据,22.916666666666668,全国,2021年,95岁以上女性人口数(人口抽样调查)(人)
,年度数据,22.916666666666668,全国,2022年,10-14岁男性人口数(人口抽样调查)(人)
49345,年度数据,22.916666666666668,全国,2021年,10-14岁男性人口数(人口抽样调查)(人)
数值,所属栏目,排名,地区,时间,指标
,年度数据,22.916666666666668,全国,2022年,15-19岁男性人口数(人口抽样调查)(人)
42677,年度数据,22.916666666666668,全国,2021年,15-19岁男性人口数(人口抽样调查)(人)
,年度数据,22.916666666666668,全国,2022年,20-24岁男性人口数(人口抽样调查)(人)
41020,年度数据,22.916666666666668,全国,2021年,20-24岁男性人口数(人口抽样调查)(人)
,年度数据,22.916666666666668,全国,2022年,25-29岁男性人口数(人口抽样调查)(人)
48189,年度数据,22.916666666666668,全国,2021年,25-29岁男性人口数(人口抽样调查)(人)
,年度数据,22.916666666666668,全国,2022年,30-34岁男性人口数(人口抽样调查)(人)
66101,年度数据,22.916666666666668,全国,2021年,30-34岁男性人口数(人口抽样调查)(人)
,年度数据,22.916666666666668,全国,2022年,35-39岁男性人口数(人口抽样调查)(人)
56115,年度数据,22.916666666666668,全国,2021年,35-39岁男性人口数(人口抽样调查)(人)
,年度数据,22.916666666666668,全国,2022年,40-44岁男性人口数(人口抽样调查)(人)
50206,年度数据,22.916666666666668,全国,2021年,40-44岁男性人口数(人口抽样调查)(人)
,年度数据,22.916666666666668,全国,2022年,45-49岁男性人口数(人口抽样调查)(人)
58320,年度数据,22.916666666666668,全国,2021年,45-49岁男性人口数(人口抽样调查)(人)
,年度数据,22.916666666666668,全国,2022年,50-54岁男性人口数(人口抽样调查)(人)
65216,年度数据,22.916666666666668,全国,2021年,50-54岁男性人口数(人口抽样调查)(人)
,年度数据,22.916666666666668,全国,2022年,55-59岁男性人口数(人口抽样调查)(人)
61237,年度数据,22.916666666666668,全国,2021年,55-59岁男性人口数(人口抽样调查)(人)
,年度数据,22.916666666666668,全国,2022年,60-64岁男性人口数(人口抽样调查)(人)
35357,年度数据,22.916666666666668,全国,2021年,60-64岁男性人口数(人口抽样调查)(人)
数值,所属栏目,排名,地区,时间,指标
,年度数据,22.916666666666668,全国,2022年,65-69岁男性人口数(人口抽样调查)(人)
39951,年度数据,22.916666666666668,全国,2021年,65-69岁男性人口数(人口抽样调查)(人)
,年度数据,22.916666666666668,全国,2022年,70-74岁男性人口数(人口抽样调查)(人)
27247,年度数据,22.916666666666668,全国,2021年,70-74岁男性人口数(人口抽样调查)(人)
,年度数据,22.916666666666668,全国,2022年,75-79岁男性人口数(人口抽样调查)(人)
16457,年度数据,22.916666666666668,全国,2021年,75-79岁男性人口数(人口抽样调查)(人)
,年度数据,22.916666666666668,全国,2022年,80-84岁男性人口数(人口抽样调查)(人)
10175,年度数据,22.916666666666668,全国,2021年,80-84岁男性人口数(人口抽样调查)(人)
,年度数据,22.916666666666668,全国,2022年,85-89岁男性人口数(人口抽样调查)(人)
5066,年度数据,22.916666666666668,全国,2021年,85-89岁男性人口数(人口抽样调查)(人)
,年度数据,22.916666666666668,全国,2022年,90-94岁男性人口数(人口抽样调查)(人)
1643,年度数据,22.916666666666668,全国,2021年,90-94岁男性人口数(人口抽样调查)(人)
,年度数据,22.916666666666668,全国,2022年,10-14岁女性人口数(人口抽样调查)(人)
42959,年度数据,22.916666666666668,全国,2021年,10-14岁女性人口数(人口抽样调查)(人)
,年度数据,22.916666666666668,全国,2022年,15-19岁女性人口数(人口抽样调查)(人)
36737,年度数据,22.916666666666668,全国,2021年,15-19岁女性人口数(人口抽样调查)(人)
,年度数据,22.916666666666668,全国,2022年,20-24岁女性人口数(人口抽样调查)(人)
36236,年度数据,22.916666666666668,全国,2021年,20-24岁女性人口数(人口抽样调查)(人)
,年度数据,22.916666666666668,全国,2022年,25-29岁女性人口数(人口抽样调查)(人)
43540,年度数据,22.916666666666668,全国,2021年,25-29岁女性人口数(人口抽样调查)(人)
数值,所属栏目,排名,地区,时间,指标
,年度数据,22.916666666666668,全国,2022年,30-34岁女性人口数(人口抽样调查)(人)
61955,年度数据,22.916666666666668,全国,2021年,30-34岁女性人口数(人口抽样调查)(人)
,年度数据,22.916666666666668,全国,2022年,35-39岁女性人口数(人口抽样调查)(人)
53057,年度数据,22.916666666666668,全国,2021年,35-39岁女性人口数(人口抽样调查)(人)
,年度数据,22.916666666666668,全国,2022年,40-44岁女性人口数(人口抽样调查)(人)
47817,年度数据,22.916666666666668,全国,2021年,40-44岁女性人口数(人口抽样调查)(人)
,年度数据,22.916666666666668,全国,2022年,45-49岁女性人口数(人口抽样调查)(人)
56225,年度数据,22.916666666666668,全国,2021年,45-49岁女性人口数(人口抽样调查)(人)
,年度数据,22.916666666666668,全国,2022年,50-54岁女性人口数(人口抽样调查)(人)
64103,年度数据,22.916666666666668,全国,2021年,50-54岁女性人口数(人口抽样调查)(人)
,年度数据,22.916666666666668,全国,2022年,55-59岁女性人口数(人口抽样调查)(人)
60752,年度数据,22.916666666666668,全国,2021年,55-59岁女性人口数(人口抽样调查)(人)
,年度数据,22.916666666666668,全国,2022年,60-64岁女性人口数(人口抽样调查)(人)
35399,年度数据,22.916666666666668,全国,2021年,60-64岁女性人口数(人口抽样调查)(人)
,年度数据,22.916666666666668,全国,2022年,65-69岁女性人口数(人口抽样调查)(人)
41394,年度数据,22.916666666666668,全国,2021年,65-69岁女性人口数(人口抽样调查)(人)
,年度数据,22.916666666666668,全国,2022年,70-74岁女性人口数(人口抽样调查)(人)
28962,年度数据,22.916666666666668,全国,2021年,70-74岁女性人口数(人口抽样调查)(人)
,年度数据,22.916666666666668,全国,2022年,75-79岁女性人口数(人口抽样调查)(人)
18429,年度数据,22.916666666666668,全国,2021年,75-79岁女性人口数(人口抽样调查)(人)
数值,所属栏目,排名,地区,时间,指标
,年度数据,22.916666666666668,全国,2022年,80-84岁女性人口数(人口抽样调查)(人)
12368,年度数据,22.916666666666668,全国,2021年,80-84岁女性人口数(人口抽样调查)(人)
,年度数据,22.916666666666668,全国,2022年,85-89岁女性人口数(人口抽样调查)(人)
7252,年度数据,22.916666666666668,全国,2021年,85-89岁女性人口数(人口抽样调查)(人)
,年度数据,22.916666666666668,全国,2022年,90-94岁女性人口数(人口抽样调查)(人)
2606,年度数据,22.916666666666668,全国,2021年,90-94岁女性人口数(人口抽样调查)(人)
,年度数据,22.916666666666668,全国,2022年,15岁及以上男性人口数(人口抽样调查)(人)
625238,年度数据,22.916666666666668,全国,2021年,15岁及以上男性人口数(人口抽样调查)(人)
,年度数据,22.916666666666668,全国,2022年,15岁及以上女性人口数(人口抽样调查)(人)
607439,年度数据,22.916666666666668,全国,2021年,15岁及以上女性人口数(人口抽样调查)(人)
,年度数据,22.916666666666668,全国,2022年,15岁及以上离婚人口数(人口抽样调查)(人)
29002,年度数据,22.916666666666668,全国,2021年,15岁及以上离婚人口数(人口抽样调查)(人)
,年度数据,22.916666666666668,全国,2022年,15岁及以上男性人口数(人口抽样调查)(人)
625238,年度数据,22.916666666666668,全国,2021年,15岁及以上男性人口数(人口抽样调查)(人)
,年度数据,22.916666666666668,全国,2022年,15岁及以上女性人口数(人口抽样调查)(人)
607439,年度数据,22.916666666666668,全国,2021年,15岁及以上女性人口数(人口抽样调查)(人)
,年度数据,22.916666666666668,全国,2022年,6岁及6岁以上男性人口数(人口抽样调查)(人)
715667,年度数据,22.916666666666668,全国,2021年,6岁及6岁以上男性人口数(人口抽样调查)(人)
,年度数据,22.916666666666668,全国,2022年,6岁及6岁以上女性人口数(人口抽样调查)(人)
686673,年度数据,22.916666666666668,全国,2021年,6岁及6岁以上女性人口数(人口抽样调查)(人)
数值,所属栏目,排名,地区,时间,指标
数值,所属栏目,排名,地区,时间,指标
数值,所属栏目,排名,地区,时间,指标
数值,所属栏目,排名,地区,时间,指标
数值,所属栏目,排名,地区,时间,指标
数值,所属栏目,排名,地区,时间,指标
数值,所属栏目,排名,地区,时间,指标
数值,所属栏目,排名,地区,时间,指标
数值,所属栏目,排名,地区,时间,指标
数值,所属栏目,排名,地区,时间,指标
数值,所属栏目,排名,地区,时间,指标
数值,所属栏目,排名,地区,时间,指标
数值,所属栏目,排名,地区,时间,指标
数值,所属栏目,排名,地区,时间,指标
数值,所属栏目,排名,地区,时间,指标
数值,所属栏目,排名,地区,时间,指标
数值,所属栏目,排名,地区,时间,指标
数值,所属栏目,排名,地区,时间,指标
数值,所属栏目,排名,地区,时间,指标
数值,所属栏目,排名,地区,时间,指标
数值,所属栏目,排名,地区,时间,指标
数值,所属栏目,排名,地区,时间,指标
数值,所属栏目,排名,地区,时间,指标
数值,所属栏目,排名,地区,时间,指标
数值,所属栏目,排名,地区,时间,指标
数值,所属栏目,排名,地区,时间,指标
数值,所属栏目,排名,地区,时间,指标
数值,所属栏目,排名,地区,时间,指标
数值,所属栏目,排名,地区,时间,指标
数值,所属栏目,排名,地区,时间,指标
数值,所属栏目,排名,地区,时间,指标
数值,所属栏目,排名,地区,时间,指标
数值,所属栏目,排名,地区,时间,指标
数值,所属栏目,排名,地区,时间,指标
数值,所属栏目,排名,地区,时间,指标
数值,所属栏目,排名,地区,时间,指标
数值,所属栏目,排名,地区,时间,指标
数值,所属栏目,排名,地区,时间,指标
数值,所属栏目,排名,地区,时间,指标
数值,所属栏目,排名,地区,时间,指标
数值,所属栏目,排名,地区,时间,指标
数值,所属栏目,排名,地区,时间,指标
数值,所属栏目,排名,地区,时间,指标
数值,所属栏目,排名,地区,时间,指标
数值,所属栏目,排名,地区,时间,指标
数值,所属栏目,排名,地区,时间,指标
数值,所属栏目,排名,地区,时间,指标
数值,所属栏目,排名,地区,时间,指标
数值,所属栏目,排名,地区,时间,指标
数值,所属栏目,排名,地区,时间,指标
数值,所属栏目,排名,地区,时间,指标
数值,所属栏目,排名,地区,时间,指标
数值,所属栏目,排名,地区,时间,指标
数值,所属栏目,排名,地区,时间,指标
数值,所属栏目,排名,地区,时间,指标
数值,所属栏目,排名,地区,时间,指标
数值,所属栏目,排名,地区,时间,指标
数值,所属栏目,排名,地区,时间,指标
数值,所属栏目,排名,地区,时间,指标
数值,所属栏目,排名,地区,时间,指标
数值,所属栏目,排名,地区,时间,指标
数值,所属栏目,排名,地区,时间,指标
数值,所属栏目,排名,地区,时间,指标
数值,所属栏目,排名,地区,时间,指标
数值,所属栏目,排名,地区,时间,指标
数值,所属栏目,排名,地区,时间,指标
数值,所属栏目,排名,地区,时间,指标
数值,所属栏目,排名,地区,时间,指标
数值,所属栏目,排名,地区,时间,指标
数值,所属栏目,排名,地区,时间,指标
数值,所属栏目,排名,地区,时间,指标
数值,所属栏目,排名,地区,时间,指标
数值,所属栏目,排名,地区,时间,指标
数值,所属栏目,排名,地区,时间,指标
数值,所属栏目,排名,地区,时间,指标
数值,所属栏目,排名,地区,时间,指标
数值,所属栏目,排名,地区,时间,指标
数值,所属栏目,排名,地区,时间,指标
数值,所属栏目,排名,地区,时间,指标
数值,所属栏目,排名,地区,时间,指标
数值,所属栏目,排名,地区,时间,指标
数值,所属栏目,排名,地区,时间,指标
数值,所属栏目,排名,地区,时间,指标
数值,所属栏目,排名,地区,时间,指标
数值,所属栏目,排名,地区,时间,指标
数值,所属栏目,排名,地区,时间,指标
数值,所属栏目,排名,地区,时间,指标
数值,所属栏目,排名,地区,时间,指标
数值,所属栏目,排名,地区,时间,指标
数值,所属栏目,排名,地区,时间,指标
数值,所属栏目,排名,地区,时间,指标
数值,所属栏目,排名,地区,时间,指标
数值,所属栏目,排名,地区,时间,指标
数值,所属栏目,排名,地区,时间,指标
数值,所属栏目,排名,地区,时间,指标
数值,所属栏目,排名,地区,时间,指标
数值,所属栏目,排名,地区,时间,指标
数值,所属栏目,排名,地区,时间,指标
数值,所属栏目,排名,地区,时间,指标
数值,所属栏目,排名,地区,时间,指标
数值,所属栏目,排名,地区,时间,指标
数值,所属栏目,排名,地区,时间,指标
数值,所属栏目,排名,地区,时间,指标
数值,所属栏目,排名,地区,时间,指标
数值,所属栏目,排名,地区,时间,指标
数值,所属栏目,排名,地区,时间,指标
数值,所属栏目,排名,地区,时间,指标
数值,所属栏目,排名,地区,时间,指标
数值,所属栏目,排名,地区,时间,指标
数值,所属栏目,排名,地区,时间,指标
数值,所属栏目,排名,地区,时间,指标
数值,所属栏目,排名,地区,时间,指标
数值,所属栏目,排名,地区,时间,指标
数值,所属栏目,排名,地区,时间,指标
数值,所属栏目,排名,地区,时间,指标
数值,所属栏目,排名,地区,时间,指标
数值,所属栏目,排名,地区,时间,指标
数值,所属栏目,排名,地区,时间,指标
